"word","count"
"noun_1",2
"noun_10",1
"noun_100",16
"noun_1000",1
"noun_1001",1
"noun_1002",6
"noun_1003",1
"noun_1004",1
"noun_1005",3
"noun_1006",42
"noun_1011",1
"noun_1012",1
"noun_1014",1
"noun_1015",2
"noun_1016",1
"noun_1017",1
"noun_1019",16
"noun_102",1
"noun_1020",2
"noun_1022",5
"noun_1023",1
"noun_1024",3
"noun_1026",22
"noun_1027",1
"noun_1029",1
"noun_1030",3
"noun_1031",12
"noun_1032",5
"noun_1033",2
"noun_1034",13
"noun_1035",2
"noun_1036",214
"noun_1037",7
"noun_1038",2
"noun_1039",7
"noun_104",1
"noun_1040",47
"noun_1041",1
"noun_1042",1
"noun_1044",1
"noun_1045",3
"noun_1046",1
"noun_1047",1
"noun_1048",11
"noun_1049",10
"noun_105",1
"noun_1050",4
"noun_1051",3
"noun_1052",40
"noun_1055",8
"noun_1056",1
"noun_1057",221
"noun_1058",8
"noun_1059",5
"noun_1060",2
"noun_1061",3
"noun_1062",1
"noun_1063",1
"noun_1064",2
"noun_1065",4
"noun_1066",6
"noun_1067",4
"noun_1068",725
"noun_1069",7
"noun_107",1
"noun_1070",1
"noun_1071",1
"noun_1072",1
"noun_1073",2
"noun_1074",10
"noun_1075",169
"noun_1076",1
"noun_1077",17
"noun_1079",2
"noun_108",4
"noun_1082",2
"noun_1083",1
"noun_1084",1
"noun_1085",13
"noun_1086",14
"noun_1088",1
"noun_1089",11
"noun_1090",1
"noun_1091",3
"noun_1092",2
"noun_1093",330
"noun_1094",1
"noun_1096",1
"noun_1097",187
"noun_1098",3
"noun_1099",3
"noun_11",6
"noun_110",3
"noun_1100",241
"noun_1101",15
"noun_1102",1
"noun_1103",3
"noun_1104",2
"noun_1105",15
"noun_1106",4
"noun_1107",13
"noun_1109",1
"noun_111",22
"noun_1110",7
"noun_1112",53
"noun_1114",1
"noun_1117",242
"noun_1119",2
"noun_112",1
"noun_1120",2
"noun_1121",2
"noun_1122",1
"noun_1123",82
"noun_1124",1
"noun_1125",1
"noun_1126",1
"noun_1127",1
"noun_113",8
"noun_1131",1
"noun_1132",1
"noun_1133",63
"noun_1135",75
"noun_1138",1
"noun_1139",2
"noun_114",1
"noun_1141",2
"noun_1142",32
"noun_1143",27
"noun_1145",1
"noun_1146",22
"noun_1148",219
"noun_1149",1
"noun_1150",2
"noun_1151",1
"noun_1153",1
"noun_1154",5
"noun_1155",6
"noun_1158",1
"noun_1159",3
"noun_116",29
"noun_1161",1
"noun_1165",2
"noun_1166",1
"noun_1167",1
"noun_1169",5
"noun_1170",1
"noun_1171",1
"noun_1172",2
"noun_1173",39
"noun_1174",1
"noun_1175",2
"noun_1176",4
"noun_1177",3
"noun_1178",2
"noun_1179",2
"noun_118",7
"noun_1180",8
"noun_1182",2
"noun_1183",1
"noun_1184",2
"noun_1185",14
"noun_1186",6
"noun_1187",2
"noun_1189",1
"noun_119",13
"noun_1190",5
"noun_1191",6
"noun_1192",1
"noun_1193",2
"noun_1194",3
"noun_1195",3
"noun_1196",5
"noun_1197",1
"noun_1198",1
"noun_1199",1
"noun_12",1
"noun_120",1
"noun_1200",1
"noun_1202",1
"noun_1203",1
"noun_1204",5
"noun_1207",1
"noun_1208",1
"noun_1209",2
"noun_121",4
"noun_1210",1
"noun_1211",2
"noun_1213",615
"noun_1214",1
"noun_1215",1
"noun_1216",1
"noun_1217",770
"noun_1218",3
"noun_1219",1
"noun_122",9
"noun_1220",10
"noun_1221",3
"noun_1222",1
"noun_1223",6
"noun_1224",1
"noun_1226",1
"noun_1227",11
"noun_1228",1
"noun_1229",51
"noun_123",52
"noun_1231",10
"noun_1232",1
"noun_1233",1
"noun_1235",1
"noun_1236",25
"noun_1237",52
"noun_1239",2
"noun_124",2
"noun_1240",1
"noun_1242",1
"noun_1243",8
"noun_1245",1
"noun_1246",35
"noun_1247",1
"noun_1248",1
"noun_125",1
"noun_1251",12
"noun_1252",21
"noun_1253",1
"noun_1254",1
"noun_1255",6
"noun_1256",1
"noun_1258",1
"noun_1259",3
"noun_1260",47
"noun_1261",1
"noun_1262",1
"noun_1264",3
"noun_1265",19
"noun_1267",2
"noun_1268",1
"noun_1269",52
"noun_127",1
"noun_1270",34
"noun_1271",1
"noun_1273",25
"noun_1275",1
"noun_1276",2
"noun_1277",9
"noun_1278",1
"noun_1279",2
"noun_128",1
"noun_1280",3
"noun_1281",2
"noun_1282",9
"noun_1283",28
"noun_1284",9
"noun_1285",1059
"noun_1286",2
"noun_1287",3
"noun_1288",2
"noun_129",36
"noun_1291",2
"noun_1292",2
"noun_1293",85
"noun_1295",2
"noun_1296",4
"noun_1297",19
"noun_1298",1
"noun_1299",1
"noun_130",1
"noun_1301",42
"noun_1302",1
"noun_1303",1
"noun_1304",10
"noun_1305",1
"noun_1306",10
"noun_1307",2
"noun_1308",2
"noun_131",2
"noun_1311",5
"noun_1313",1
"noun_1315",5
"noun_1316",4
"noun_1317",2
"noun_1318",71
"noun_1319",1
"noun_132",4
"noun_1322",6
"noun_1325",4
"noun_1326",1
"noun_1327",4
"noun_1330",59
"noun_1332",2
"noun_1333",2
"noun_1334",45
"noun_1335",8
"noun_1336",2
"noun_1338",16
"noun_134",447
"noun_1340",10
"noun_1341",38
"noun_1342",2
"noun_1344",5
"noun_1345",14
"noun_1346",4
"noun_135",4
"noun_1350",9
"noun_1353",1
"noun_1354",2
"noun_1355",44
"noun_1356",14
"noun_1357",17
"noun_1358",4
"noun_1359",2
"noun_1360",1
"noun_1362",2
"noun_1364",2
"noun_1365",27
"noun_1366",3
"noun_1367",6
"noun_1370",3
"noun_1371",3
"noun_1372",16
"noun_1374",2
"noun_1375",1
"noun_1377",1
"noun_1378",3
"noun_138",1
"noun_1381",2
"noun_1382",3
"noun_1383",1
"noun_1384",9
"noun_1385",5
"noun_1386",1
"noun_1388",2
"noun_139",115
"noun_1390",3
"noun_1391",1
"noun_1392",82
"noun_1393",14
"noun_1394",11
"noun_1395",1
"noun_1397",1
"noun_1398",39
"noun_1399",128
"noun_14",1
"noun_1400",2
"noun_1402",1
"noun_1403",2
"noun_1404",202
"noun_1405",12
"noun_1407",1
"noun_1409",3
"noun_1410",3
"noun_1411",62
"noun_1412",468
"noun_1413",35
"noun_1414",1
"noun_1415",1
"noun_1416",1
"noun_1418",54
"noun_1419",39
"noun_1421",2
"noun_1422",1
"noun_1423",2
"noun_1424",1
"noun_1425",3
"noun_1426",1
"noun_1429",35
"noun_143",1
"noun_1431",8
"noun_1433",1
"noun_1434",10
"noun_1436",2
"noun_1438",8
"noun_144",1
"noun_1440",1
"noun_1442",7
"noun_1443",1
"noun_1445",133
"noun_1446",1
"noun_1447",1
"noun_1448",1
"noun_1449",3
"noun_145",1
"noun_1450",6
"noun_1452",1
"noun_1453",2
"noun_1456",6
"noun_1458",10
"noun_1459",1
"noun_146",2
"noun_1460",1
"noun_1461",1
"noun_1462",1
"noun_1466",3
"noun_1468",1
"noun_1469",1
"noun_147",1
"noun_1470",91
"noun_1471",1
"noun_1472",5
"noun_1473",1
"noun_1474",3
"noun_1478",1
"noun_1479",8
"noun_148",9
"noun_1480",68
"noun_1481",1
"noun_1482",23
"noun_1485",1
"noun_1486",1
"noun_1489",4
"noun_149",90
"noun_1490",13
"noun_1491",1
"noun_1494",2
"noun_1495",34
"noun_1497",16
"noun_1498",1
"noun_15",156
"noun_150",91
"noun_1500",2
"noun_1501",2
"noun_1503",3
"noun_1504",2
"noun_1508",2
"noun_1509",1
"noun_151",6
"noun_1510",6
"noun_1511",48
"noun_1513",1
"noun_1515",1
"noun_1517",3
"noun_1518",1
"noun_152",7
"noun_1522",1
"noun_1523",1
"noun_1524",4
"noun_1525",11
"noun_1526",18
"noun_1528",8
"noun_1529",160
"noun_153",2
"noun_1530",4
"noun_1531",1
"noun_1532",4
"noun_1534",21
"noun_1535",1
"noun_1536",1
"noun_1538",4
"noun_1539",2
"noun_154",3
"noun_1541",42
"noun_1542",3
"noun_1543",44
"noun_1544",203
"noun_1545",2
"noun_1546",27
"noun_1548",5
"noun_155",13
"noun_1551",3
"noun_1552",33
"noun_1553",1
"noun_1555",1
"noun_1558",12
"noun_1559",1
"noun_1560",65
"noun_1561",3
"noun_1562",13
"noun_1563",1
"noun_1564",23
"noun_1566",2
"noun_1567",2
"noun_1568",3
"noun_157",2
"noun_1570",6
"noun_1571",3
"noun_1572",701
"noun_1573",5
"noun_1574",4
"noun_1575",5
"noun_1576",74
"noun_1577",2
"noun_1578",4
"noun_158",3
"noun_1581",3
"noun_1582",5
"noun_1583",25
"noun_1584",125
"noun_1585",1
"noun_1586",1
"noun_1587",28
"noun_1588",1
"noun_1589",3
"noun_159",1
"noun_1591",1
"noun_1594",1
"noun_1599",88
"noun_16",22
"noun_1600",2
"noun_1601",31
"noun_1602",11
"noun_1605",2
"noun_1606",2
"noun_1608",324
"noun_1609",3
"noun_1611",6
"noun_1613",7
"noun_1615",320
"noun_1616",1
"noun_1617",1
"noun_1618",269
"noun_1619",3
"noun_162",5
"noun_1621",10
"noun_1622",1
"noun_1623",1
"noun_1624",21
"noun_1625",1
"noun_1626",1
"noun_1628",1
"noun_1629",1
"noun_1630",1
"noun_1631",3
"noun_1632",13
"noun_1633",3
"noun_1634",3
"noun_1635",7
"noun_1636",1
"noun_1637",3
"noun_1638",2
"noun_1639",1
"noun_164",1
"noun_1640",40
"noun_1641",3
"noun_1642",47
"noun_1643",34
"noun_1644",15
"noun_1645",1
"noun_1646",1
"noun_1647",1
"noun_1648",10
"noun_1649",1
"noun_165",2
"noun_1650",1
"noun_1651",1
"noun_1652",6
"noun_1653",8
"noun_1654",1
"noun_1655",2
"noun_1656",4
"noun_1657",3
"noun_1658",1
"noun_1659",8
"noun_1660",1
"noun_1661",5
"noun_1662",1
"noun_1663",1
"noun_1664",3
"noun_1665",66
"noun_1666",18
"noun_1667",1
"noun_1669",4
"noun_1670",8
"noun_1671",1
"noun_1672",12
"noun_1674",1
"noun_1675",6
"noun_1677",1
"noun_1678",25
"noun_1679",1
"noun_168",5
"noun_1680",1
"noun_1681",122
"noun_1682",1
"noun_1684",3
"noun_1685",7
"noun_1686",1
"noun_1687",1
"noun_1688",3
"noun_1689",1
"noun_169",2
"noun_1690",3
"noun_1692",2
"noun_1693",5
"noun_1694",1
"noun_1695",1
"noun_1696",5
"noun_1699",1
"noun_170",1
"noun_1700",1
"noun_1701",3
"noun_1702",36
"noun_1704",3
"noun_1705",10
"noun_1706",2
"noun_1707",2
"noun_1708",5159
"noun_1709",3
"noun_171",2
"noun_1710",267
"noun_1711",1
"noun_1714",1
"noun_1715",8
"noun_1716",16
"noun_1717",115
"noun_1718",1
"noun_1719",1
"noun_1721",22
"noun_1722",37
"noun_1723",2
"noun_1724",11
"noun_1725",48
"noun_1726",1
"noun_1727",53
"noun_1728",2
"noun_173",3
"noun_1730",7
"noun_1731",2
"noun_1732",1
"noun_1733",1
"noun_1735",1
"noun_1736",1
"noun_1737",209
"noun_1738",3
"noun_1739",5
"noun_174",1
"noun_1740",1
"noun_1741",13
"noun_1742",21
"noun_1743",9
"noun_1744",2
"noun_1745",2
"noun_1746",11
"noun_1747",1
"noun_1749",91
"noun_1750",1
"noun_1753",1
"noun_1754",24
"noun_1755",11
"noun_1756",587
"noun_1757",1
"noun_1758",1
"noun_176",1
"noun_1760",2
"noun_1761",14
"noun_1762",1
"noun_1763",18
"noun_1765",1
"noun_1766",1
"noun_1767",1
"noun_1769",1
"noun_177",2
"noun_1770",571
"noun_1771",14
"noun_1774",2
"noun_1775",2
"noun_1776",3
"noun_1777",11
"noun_1778",1
"noun_1780",9
"noun_1781",1
"noun_1782",49
"noun_1784",1
"noun_1786",7
"noun_1787",2
"noun_1789",6
"noun_1790",1
"noun_1792",1
"noun_1793",20
"noun_1796",1
"noun_1797",1
"noun_1799",25
"noun_18",18
"noun_180",9
"noun_1800",2
"noun_1801",3
"noun_1802",5
"noun_1803",1
"noun_1805",1
"noun_1808",12
"noun_1809",1
"noun_181",1
"noun_1810",2
"noun_1812",15
"noun_1813",1
"noun_1814",12
"noun_1816",1
"noun_1817",43
"noun_1819",1
"noun_182",2
"noun_1820",70
"noun_1822",1
"noun_1823",1
"noun_1824",3
"noun_1826",8
"noun_1827",5
"noun_1828",1
"noun_1829",1
"noun_1831",1
"noun_1832",1
"noun_1833",1
"noun_1835",13
"noun_1836",40
"noun_1837",5
"noun_1838",5
"noun_1839",1
"noun_184",1
"noun_1840",9
"noun_1842",1
"noun_1843",4
"noun_1844",2
"noun_1845",257
"noun_1846",1
"noun_1847",1
"noun_1848",1
"noun_1849",16
"noun_185",206
"noun_1850",2
"noun_1851",1
"noun_1852",15
"noun_1853",1
"noun_1854",1
"noun_1855",4
"noun_1856",5
"noun_1857",3
"noun_1858",44
"noun_1859",458
"noun_1860",2
"noun_1861",8
"noun_1862",40
"noun_1863",3
"noun_1864",1
"noun_1865",1
"noun_1866",2
"noun_1867",494
"noun_1868",1
"noun_1869",50
"noun_187",3057
"noun_1870",9
"noun_1871",1
"noun_1872",15
"noun_1877",10
"noun_1878",1
"noun_1879",3
"noun_1881",2
"noun_1882",5
"noun_1883",2
"noun_1884",2438
"noun_1886",2
"noun_1887",1
"noun_1888",6
"noun_189",13
"noun_1890",1
"noun_1891",1
"noun_1892",125
"noun_1893",9
"noun_1894",1
"noun_1895",3
"noun_1896",17
"noun_1897",1
"noun_1898",1
"noun_1899",81
"noun_19",1
"noun_190",15
"noun_1900",13
"noun_1901",8
"noun_1902",1
"noun_1903",12
"noun_1904",3
"noun_1905",2730
"noun_1907",1
"noun_1908",1
"noun_1909",124
"noun_191",2
"noun_1911",1
"noun_1913",2
"noun_1914",2
"noun_1915",2
"noun_1916",1
"noun_1918",4
"noun_1919",6
"noun_192",7
"noun_1920",2
"noun_1921",1
"noun_1922",1
"noun_1923",1
"noun_1924",1
"noun_1925",5
"noun_1926",1
"noun_1927",30
"noun_1928",16
"noun_1930",9
"noun_1931",266
"noun_1932",4
"noun_1933",8
"noun_1935",2
"noun_1936",10
"noun_1937",1
"noun_1939",5
"noun_1940",1
"noun_1943",3
"noun_1947",1
"noun_1948",2
"noun_1949",3
"noun_195",5
"noun_1950",2
"noun_1951",3
"noun_1953",1
"noun_1954",1
"noun_1957",1
"noun_1959",1
"noun_196",1
"noun_1960",1
"noun_1961",5
"noun_1962",15
"noun_1963",3
"noun_1964",4
"noun_1967",1
"noun_1968",1
"noun_1969",1
"noun_197",1
"noun_1970",10
"noun_1971",1
"noun_1972",1
"noun_1973",3
"noun_1975",3
"noun_1976",1
"noun_1977",4
"noun_1978",60
"noun_1979",1
"noun_1980",33
"noun_1981",1
"noun_1982",1
"noun_1983",1
"noun_1984",4
"noun_1985",1
"noun_1986",1
"noun_1988",1
"noun_199",1
"noun_1990",1
"noun_1991",5
"noun_1992",4
"noun_1994",19
"noun_1995",1
"noun_1998",2
"noun_1999",3
"noun_20",1
"noun_200",1
"noun_2000",1
"noun_2001",1
"noun_2002",18
"noun_2003",2
"noun_2005",5
"noun_2006",2
"noun_201",1
"noun_2010",28
"noun_2011",1
"noun_2012",8
"noun_2013",10
"noun_2015",5
"noun_2016",3
"noun_2017",4
"noun_2018",1
"noun_2020",1
"noun_2021",1
"noun_2022",49
"noun_2023",8
"noun_2024",62
"noun_2025",1
"noun_2026",1
"noun_2027",1
"noun_2029",3
"noun_203",1
"noun_2031",9
"noun_2032",2
"noun_2033",165
"noun_2034",3
"noun_2037",1
"noun_2038",69
"noun_2039",2
"noun_204",51
"noun_2040",2
"noun_2041",12
"noun_2042",1
"noun_2044",16
"noun_2045",3
"noun_2046",19
"noun_2047",1
"noun_2048",2
"noun_2049",17
"noun_205",45
"noun_2050",11
"noun_2051",73
"noun_2052",12
"noun_2053",7
"noun_2055",1
"noun_2056",17
"noun_2057",3
"noun_2058",1
"noun_2060",1535
"noun_2062",26
"noun_2065",11
"noun_2067",1
"noun_2068",34
"noun_207",9
"noun_2070",1
"noun_2071",1
"noun_2073",4
"noun_2074",7
"noun_2075",33
"noun_2076",6
"noun_2077",1
"noun_2078",2
"noun_2079",2
"noun_2081",1
"noun_2082",1
"noun_2083",2
"noun_2084",1
"noun_2085",84
"noun_2086",6
"noun_2087",1
"noun_2088",4
"noun_209",17
"noun_2091",1
"noun_2092",1
"noun_2094",1
"noun_2095",359
"noun_2097",1
"noun_2098",7
"noun_2099",1
"noun_21",1
"noun_210",1
"noun_2100",4
"noun_2103",1
"noun_2105",2
"noun_2106",2
"noun_2108",16
"noun_2109",7
"noun_2110",2
"noun_2111",5
"noun_2112",53
"noun_2114",3
"noun_2116",1
"noun_2117",37
"noun_2118",1
"noun_2119",1
"noun_2120",1
"noun_2121",11
"noun_2124",4
"noun_2125",37
"noun_2127",1
"noun_2128",9
"noun_2129",2
"noun_213",7
"noun_2130",2
"noun_2131",3
"noun_2132",2
"noun_2133",2
"noun_2136",1
"noun_2137",1
"noun_2138",61
"noun_2139",2
"noun_214",158
"noun_2140",1
"noun_2141",16
"noun_2142",2
"noun_2143",3
"noun_2144",14
"noun_2146",1
"noun_2148",1
"noun_215",1
"noun_2152",23
"noun_2153",2
"noun_2155",45
"noun_2156",277
"noun_2158",3
"noun_2159",1
"noun_216",6
"noun_2161",1
"noun_2162",4
"noun_2163",1
"noun_2165",150
"noun_2166",1
"noun_2167",1
"noun_2168",20
"noun_217",4
"noun_2170",2
"noun_2171",30
"noun_2173",1
"noun_2174",17
"noun_2176",1
"noun_2179",17
"noun_218",6
"noun_2181",4
"noun_2184",12
"noun_2185",3
"noun_2186",1
"noun_2188",1
"noun_2189",38
"noun_219",1
"noun_2190",558
"noun_2191",1
"noun_2192",1
"noun_2193",2
"noun_2194",26
"noun_2196",2
"noun_2197",1
"noun_2198",2
"noun_2199",1
"noun_22",1
"noun_220",1
"noun_2200",46
"noun_2201",4
"noun_2202",1
"noun_2203",2
"noun_2207",66
"noun_2208",2
"noun_2209",13
"noun_2210",1
"noun_2211",27
"noun_2212",3
"noun_2214",1
"noun_2215",23
"noun_2216",3
"noun_2217",1
"noun_2218",1
"noun_2222",3
"noun_2223",9
"noun_2225",4
"noun_2226",4
"noun_2227",6
"noun_2228",14
"noun_2229",3
"noun_223",1
"noun_2230",1
"noun_2232",2
"noun_2233",2
"noun_2234",5
"noun_2235",4
"noun_2236",1
"noun_2237",1
"noun_2238",1
"noun_2239",11
"noun_2240",1209
"noun_2241",1
"noun_2243",1
"noun_2244",4
"noun_2246",2505
"noun_2247",1
"noun_2248",17
"noun_2249",72
"noun_2250",38
"noun_2253",6
"noun_2254",7
"noun_2255",3
"noun_2256",1
"noun_2258",9
"noun_226",5
"noun_2260",1
"noun_2262",1
"noun_2264",26
"noun_2265",1
"noun_2267",1
"noun_2270",2
"noun_2272",100
"noun_2273",10
"noun_2274",2
"noun_2275",1
"noun_2276",12
"noun_2277",1
"noun_2278",2
"noun_2279",1
"noun_2280",86
"noun_2281",7
"noun_2282",7
"noun_2283",49
"noun_2285",174
"noun_2286",2
"noun_2287",1
"noun_2288",5
"noun_2289",11
"noun_2290",1
"noun_2292",2
"noun_2293",5
"noun_2294",1
"noun_2295",5
"noun_2296",9
"noun_2297",27
"noun_2299",1
"noun_23",7
"noun_230",12
"noun_2301",1
"noun_2302",1
"noun_2303",151
"noun_2304",2
"noun_2305",1
"noun_2306",10
"noun_2308",13
"noun_2309",10
"noun_2310",2
"noun_2311",2
"noun_2312",1
"noun_2313",1
"noun_2314",1
"noun_2315",6
"noun_2316",2
"noun_2317",2
"noun_2318",2
"noun_2321",4
"noun_2322",1
"noun_2324",11
"noun_2325",10
"noun_2327",1
"noun_2328",320
"noun_233",1
"noun_2330",18
"noun_2335",3
"noun_2337",2
"noun_2339",53
"noun_234",2
"noun_2340",11
"noun_2341",1
"noun_2342",12
"noun_2345",7
"noun_2346",10
"noun_2348",1
"noun_2349",2
"noun_235",32
"noun_2350",3
"noun_2351",2
"noun_2352",6
"noun_2353",1
"noun_2354",2
"noun_2355",1
"noun_2356",1
"noun_2357",1
"noun_2358",1
"noun_2359",60
"noun_236",1
"noun_2360",2
"noun_2361",2
"noun_2363",1
"noun_2364",19
"noun_2366",5
"noun_2368",1
"noun_2369",7
"noun_237",2
"noun_2370",1
"noun_2371",1
"noun_2373",1
"noun_2374",2
"noun_2375",43
"noun_2376",3
"noun_2377",9
"noun_2378",1
"noun_2380",1
"noun_2382",1
"noun_2384",293
"noun_2387",14
"noun_2388",1
"noun_2389",1
"noun_239",1
"noun_2390",3
"noun_2391",1
"noun_2392",1
"noun_2393",1
"noun_2394",16
"noun_2395",1
"noun_2397",1
"noun_2399",3
"noun_2400",1
"noun_2401",15
"noun_2402",8
"noun_2403",131
"noun_2404",2
"noun_2405",1
"noun_2406",3
"noun_2407",10
"noun_2408",27
"noun_2409",1
"noun_241",84
"noun_2410",1
"noun_2411",8
"noun_2412",4
"noun_2413",3
"noun_2415",40
"noun_2416",1
"noun_2417",15
"noun_2418",10
"noun_2419",23
"noun_242",36
"noun_2420",1
"noun_2421",9
"noun_2422",1
"noun_2424",46
"noun_2425",5
"noun_2427",1
"noun_2428",1
"noun_243",54
"noun_2430",3
"noun_2433",2
"noun_2434",1
"noun_2435",1
"noun_2436",3
"noun_2437",2
"noun_2438",1
"noun_2439",65
"noun_244",1120
"noun_2440",2
"noun_2441",12
"noun_2442",1
"noun_2443",1
"noun_2444",13
"noun_2445",2
"noun_2446",1
"noun_2447",27
"noun_2448",9
"noun_2450",6
"noun_2453",1
"noun_2454",22
"noun_2455",1
"noun_2456",2
"noun_2459",5
"noun_246",2
"noun_2460",4
"noun_2461",9
"noun_2462",3
"noun_2463",1
"noun_2464",2
"noun_2467",1
"noun_2468",1
"noun_2470",85
"noun_2472",2
"noun_2474",1
"noun_2475",76
"noun_2477",22
"noun_2478",2
"noun_2479",1
"noun_2480",2
"noun_2482",1
"noun_2483",1
"noun_2485",44
"noun_2486",100
"noun_2487",1
"noun_2488",4
"noun_249",1
"noun_2490",1
"noun_2491",5
"noun_2492",1
"noun_2493",3
"noun_2494",6
"noun_2495",1
"noun_2496",2521
"noun_2497",2
"noun_2498",3
"noun_25",2
"noun_250",1
"noun_2501",1
"noun_2502",1
"noun_2503",31
"noun_2504",1
"noun_2505",7
"noun_2506",1
"noun_2507",3
"noun_2508",7
"noun_251",9
"noun_2510",36
"noun_2511",1
"noun_2513",12
"noun_2515",4
"noun_2516",2
"noun_2517",5
"noun_2518",20
"noun_2519",19
"noun_2520",1
"noun_2521",1
"noun_2523",7
"noun_2526",7
"noun_2527",3
"noun_2528",1
"noun_2529",56
"noun_253",4
"noun_2530",1
"noun_2533",1
"noun_2534",1
"noun_2535",796
"noun_2536",3
"noun_2537",2
"noun_2538",48
"noun_2542",49
"noun_2543",37
"noun_2544",1
"noun_2546",44
"noun_2548",4
"noun_2553",1
"noun_2554",1
"noun_2555",1
"noun_2556",1
"noun_2557",2
"noun_2560",1
"noun_2562",1
"noun_2564",14
"noun_2565",13
"noun_2566",1
"noun_2567",27
"noun_257",4
"noun_2570",12
"noun_2571",1
"noun_2572",1
"noun_2573",2
"noun_2576",9
"noun_2577",1
"noun_2578",1
"noun_2580",1
"noun_2583",339
"noun_2584",13
"noun_2585",2
"noun_2586",2
"noun_2588",20
"noun_2592",1
"noun_2593",43
"noun_2595",1
"noun_2596",23
"noun_2597",1
"noun_2598",38
"noun_2599",12
"noun_26",5
"noun_2600",3
"noun_2601",5
"noun_2604",8
"noun_2605",4
"noun_2609",1
"noun_261",7
"noun_2610",1
"noun_2611",20
"noun_2613",13
"noun_2615",1
"noun_2616",1
"noun_2617",7
"noun_2618",3
"noun_2619",2
"noun_262",1
"noun_2620",1
"noun_2621",14
"noun_2627",1
"noun_2628",13
"noun_2629",3
"noun_2630",2
"noun_2631",3
"noun_2635",7
"noun_2637",3
"noun_2638",1
"noun_264",1
"noun_2640",951
"noun_2641",1
"noun_2643",1
"noun_2644",7
"noun_2645",4
"noun_2646",153
"noun_2648",1
"noun_265",6
"noun_2651",17
"noun_2653",3
"noun_2654",36
"noun_2656",52
"noun_2657",534
"noun_2658",646
"noun_2659",2
"noun_2661",2
"noun_2662",3
"noun_2664",5
"noun_2665",2
"noun_2666",1
"noun_2667",1
"noun_2668",95
"noun_2669",1
"noun_267",1
"noun_2671",219
"noun_2672",1
"noun_2674",2
"noun_2675",1
"noun_2676",1
"noun_2677",18
"noun_2679",8
"noun_2680",2
"noun_2682",1
"noun_2686",3
"noun_2687",13
"noun_2688",4
"noun_2689",12
"noun_269",1
"noun_2690",14
"noun_2692",2287
"noun_2693",1
"noun_2694",2
"noun_2695",1
"noun_2698",15
"noun_2699",2
"noun_27",5
"noun_270",1
"noun_2701",12
"noun_2702",3
"noun_2703",1
"noun_2705",1
"noun_2706",4
"noun_2708",1
"noun_271",8
"noun_2710",10
"noun_2713",1
"noun_2715",17
"noun_2716",63
"noun_2717",1
"noun_272",1
"noun_2720",3
"noun_2721",108
"noun_2722",10
"noun_2723",28
"noun_2724",1
"noun_2725",8
"noun_2726",46
"noun_2727",9
"noun_273",3
"noun_2730",2
"noun_2731",46
"noun_2733",1
"noun_2735",1
"noun_2738",17
"noun_2739",35
"noun_274",3
"noun_2742",6
"noun_2743",1
"noun_2744",1
"noun_2745",1
"noun_2746",1
"noun_2747",1
"noun_2748",1
"noun_2749",3
"noun_275",2
"noun_2750",71
"noun_2751",1
"noun_2752",25
"noun_2753",10
"noun_2755",14
"noun_2756",109
"noun_2758",1
"noun_2759",4
"noun_276",72
"noun_2760",1
"noun_2761",4
"noun_2762",1
"noun_2763",10
"noun_2766",1
"noun_2767",1
"noun_2769",1
"noun_2770",5
"noun_2771",3
"noun_2772",207
"noun_2773",13
"noun_2774",1
"noun_2775",2
"noun_2776",2
"noun_2777",62
"noun_2778",2
"noun_2779",8
"noun_278",8
"noun_2780",4
"noun_2783",7
"noun_2784",1
"noun_2787",1
"noun_2788",1
"noun_2789",1
"noun_279",16
"noun_2790",1
"noun_2791",1
"noun_2793",0
"noun_2799",1
"noun_28",5
"noun_280",1
"noun_2800",9
"noun_2802",1
"noun_2804",3
"noun_2805",4
"noun_2806",10
"noun_2807",1
"noun_2808",41
"noun_2809",1
"noun_281",1
"noun_2810",1
"noun_2811",6
"noun_2812",1
"noun_2814",2
"noun_2816",3
"noun_2818",1
"noun_282",2
"noun_2821",1
"noun_2822",1
"noun_2824",36
"noun_2825",2
"noun_2826",1
"noun_2827",2
"noun_2828",1
"noun_2829",1
"noun_283",2
"noun_2830",1
"noun_2831",2
"noun_2832",1
"noun_2833",2
"noun_2834",1
"noun_2835",69
"noun_2837",59
"noun_2838",2
"noun_2839",1
"noun_284",1
"noun_2840",18
"noun_2841",1
"noun_2842",1
"noun_2843",61
"noun_2844",2
"noun_2846",4
"noun_2847",15
"noun_2848",1
"noun_2849",68
"noun_285",4
"noun_2850",23
"noun_2851",1
"noun_2852",2
"noun_2854",1
"noun_2855",34
"noun_2858",1
"noun_2859",1
"noun_286",1
"noun_2860",72
"noun_2861",3
"noun_2862",2
"noun_2864",2
"noun_2865",15
"noun_2866",1
"noun_2867",2
"noun_2868",1
"noun_2869",12
"noun_287",6
"noun_2871",1
"noun_2873",26
"noun_2874",25
"noun_2875",2
"noun_2878",2
"noun_2879",19
"noun_288",2
"noun_2880",1
"noun_2882",1
"noun_2883",1
"noun_2885",1
"noun_2886",4
"noun_2887",1
"noun_2888",2
"noun_289",2
"noun_2890",62
"noun_2891",7
"noun_2892",1
"noun_2893",21
"noun_2894",1
"noun_2895",1
"noun_2896",1
"noun_2897",1
"noun_2898",0
"noun_29",16
"noun_290",1
"noun_2900",1
"noun_2902",2
"noun_2903",9
"noun_2904",1
"noun_2905",25
"noun_2907",10
"noun_2908",1
"noun_2909",1
"noun_291",1
"noun_2910",2
"noun_2911",1
"noun_2912",2
"noun_2915",2
"noun_2916",1
"noun_2917",76
"noun_292",1
"noun_2921",3
"noun_2922",2
"noun_2924",1
"noun_2926",1
"noun_2927",1
"noun_2928",9
"noun_293",123
"noun_2931",1
"noun_2933",1
"noun_2934",11
"noun_2935",1
"noun_2936",1
"noun_2937",2
"noun_2938",5
"noun_2939",1
"noun_294",2
"noun_2940",58
"noun_2941",531
"noun_2942",4
"noun_2943",1
"noun_2944",7
"noun_2945",1
"noun_2947",2
"noun_2948",7
"noun_2949",39
"noun_295",3
"noun_2951",4
"noun_2952",27
"noun_2953",3
"noun_2954",1
"noun_2955",1
"noun_2956",1
"noun_2957",1
"noun_2958",56
"noun_296",1
"noun_2962",65
"noun_2963",298
"noun_2965",1
"noun_2966",1
"noun_2967",28
"noun_2968",1
"noun_2969",1
"noun_297",17
"noun_2970",1
"noun_2971",4
"noun_2972",1
"noun_2973",1
"noun_2974",1
"noun_2975",7
"noun_2978",20
"noun_2979",44
"noun_2980",2
"noun_2982",1
"noun_2983",1
"noun_2984",1
"noun_2985",2
"noun_2987",1
"noun_2989",2
"noun_299",1
"noun_2990",8
"noun_2991",5
"noun_2992",2
"noun_2993",2
"noun_2994",1
"noun_2995",1
"noun_2996",1
"noun_2997",1
"noun_2998",3
"noun_2999",1
"noun_30",3
"noun_300",2
"noun_3000",2
"noun_3001",3
"noun_3002",31
"noun_3003",1
"noun_3005",4
"noun_3006",6
"noun_3007",4
"noun_3008",1
"noun_3009",1
"noun_301",1
"noun_3014",15
"noun_3015",213
"noun_3017",25
"noun_3018",1
"noun_3019",2
"noun_302",0
"noun_3020",2
"noun_3025",2
"noun_3026",1
"noun_3028",1
"noun_3029",249
"noun_3030",10
"noun_3031",1
"noun_3032",12
"noun_3033",869
"noun_3035",58
"noun_3039",1
"noun_304",1
"noun_3040",1
"noun_3041",2
"noun_3042",1
"noun_3044",1
"noun_3045",1
"noun_3046",1
"noun_3047",1
"noun_3048",2
"noun_3049",1
"noun_3051",8
"noun_3053",1
"noun_3055",2
"noun_3057",1710
"noun_3059",2
"noun_306",1
"noun_3060",7
"noun_3064",1
"noun_3065",63
"noun_3066",26
"noun_3067",110
"noun_3069",2
"noun_307",3
"noun_3070",42
"noun_3071",53
"noun_3072",2
"noun_3073",4
"noun_3076",8
"noun_3077",4
"noun_3078",1
"noun_308",1
"noun_3080",77
"noun_3083",4
"noun_3084",4
"noun_3086",1
"noun_3087",1
"noun_3088",7
"noun_309",19
"noun_3090",2
"noun_3091",2
"noun_3092",1
"noun_3093",1
"noun_3094",5
"noun_3095",2
"noun_3096",1
"noun_3098",2
"noun_3099",3
"noun_310",18
"noun_3100",9
"noun_3101",6
"noun_3102",2
"noun_3109",474
"noun_3110",1
"noun_3111",1
"noun_3112",1
"noun_3115",1
"noun_3116",0
"noun_3117",757
"noun_3118",1
"noun_3119",2
"noun_312",9
"noun_3120",1
"noun_3121",156
"noun_3122",1
"noun_3123",24
"noun_3124",2
"noun_3125",3
"noun_3126",2
"noun_3127",1
"noun_3129",8
"noun_313",1
"noun_3130",103
"noun_3131",1
"noun_3132",2
"noun_3133",6
"noun_3134",1
"noun_3135",3
"noun_3136",1
"noun_3138",9
"noun_3139",57
"noun_314",29
"noun_3140",86
"noun_3141",1
"noun_3143",1
"noun_3145",5
"noun_3146",36
"noun_3148",16
"noun_3150",1
"noun_3151",2
"noun_3153",1
"noun_3156",1
"noun_3157",1
"noun_3158",4
"noun_3159",1
"noun_316",8
"noun_3160",8
"noun_3161",6
"noun_3162",15
"noun_3163",9
"noun_3164",3
"noun_3165",110
"noun_3166",3
"noun_3169",15
"noun_317",6
"noun_3172",3
"noun_3175",16
"noun_3176",2
"noun_3177",1
"noun_3178",2
"noun_318",1
"noun_3180",6
"noun_3181",3
"noun_3182",2
"noun_3183",1
"noun_3184",1
"noun_3187",1
"noun_3189",240
"noun_3190",1
"noun_3191",1
"noun_3192",10
"noun_3194",1
"noun_3195",34
"noun_3196",2
"noun_320",1
"noun_3202",8
"noun_3203",9
"noun_3204",6
"noun_3205",12
"noun_3206",1
"noun_3207",2
"noun_3208",1
"noun_321",1518
"noun_3210",95
"noun_3212",64
"noun_3214",9
"noun_3215",2
"noun_3216",1
"noun_3217",12
"noun_3219",7
"noun_322",4
"noun_3220",8
"noun_3221",4
"noun_3223",1
"noun_3225",2
"noun_3226",1
"noun_3228",10
"noun_3229",1
"noun_323",1
"noun_3231",2
"noun_3232",248
"noun_3233",5
"noun_3234",1
"noun_3235",5
"noun_3236",4
"noun_3238",2
"noun_3239",64
"noun_324",1
"noun_3242",1
"noun_3244",1
"noun_3245",2
"noun_3246",24
"noun_3248",1
"noun_3249",15
"noun_3251",4
"noun_3252",1
"noun_3253",93
"noun_3254",1
"noun_3255",13
"noun_3256",12
"noun_3257",22
"noun_3258",1
"noun_3259",1
"noun_326",1
"noun_3264",1
"noun_3265",1
"noun_3266",250
"noun_3268",18
"noun_327",2
"noun_3270",1
"noun_3272",21
"noun_3273",523
"noun_3274",1
"noun_3275",1
"noun_3276",1
"noun_3277",9
"noun_328",4
"noun_3281",1
"noun_3282",5
"noun_3283",3
"noun_3285",3
"noun_3286",14
"noun_3288",40
"noun_3289",3
"noun_329",3
"noun_3290",8
"noun_3291",11
"noun_3292",1
"noun_3294",3
"noun_3295",1
"noun_3297",5
"noun_3298",12
"noun_330",1
"noun_3301",7
"noun_3302",1
"noun_3303",2
"noun_3305",4
"noun_3306",69
"noun_3307",1
"noun_3308",1
"noun_3309",4
"noun_331",2
"noun_3310",5
"noun_3311",1
"noun_3312",33
"noun_3313",78
"noun_3314",33
"noun_3315",6
"noun_3316",3
"noun_3317",4
"noun_3319",37
"noun_332",21
"noun_3320",12
"noun_3321",1
"noun_3322",8
"noun_3323",1
"noun_3325",1
"noun_3326",4
"noun_3327",10
"noun_3328",17
"noun_3334",2
"noun_3335",1
"noun_3337",58
"noun_3338",2
"noun_3340",2
"noun_3341",1
"noun_3342",135
"noun_3343",20
"noun_3345",1
"noun_3346",2
"noun_3347",3
"noun_3348",27
"noun_3349",1
"noun_3350",10
"noun_3352",270
"noun_3354",1
"noun_3355",28
"noun_3357",1
"noun_3359",10
"noun_336",7
"noun_3360",1
"noun_3361",1
"noun_3362",3
"noun_3364",7
"noun_3365",81
"noun_3367",2
"noun_3368",1
"noun_337",33
"noun_3370",3
"noun_3371",27
"noun_3372",29
"noun_3375",7
"noun_3378",43
"noun_3379",34
"noun_338",1
"noun_3380",3
"noun_3381",3
"noun_3382",2
"noun_3383",2
"noun_3384",2
"noun_3385",1
"noun_3386",8
"noun_3388",2
"noun_339",6
"noun_3390",2
"noun_3391",7
"noun_3392",1
"noun_3393",45
"noun_3395",1
"noun_3396",1
"noun_3397",323
"noun_3398",12
"noun_340",2
"noun_3400",3
"noun_3403",18
"noun_3405",1
"noun_3406",1
"noun_3408",5
"noun_3409",5
"noun_3410",5
"noun_3411",1
"noun_3412",1178
"noun_3413",1
"noun_3415",1
"noun_3416",2
"noun_3418",1
"noun_342",8
"noun_3420",1
"noun_3421",1
"noun_3422",1
"noun_3424",4
"noun_3426",2
"noun_3427",2
"noun_3429",64
"noun_343",2
"noun_3431",1
"noun_3432",1
"noun_3433",2
"noun_3434",2
"noun_3435",1
"noun_3436",1
"noun_3437",7
"noun_3438",2
"noun_3439",3
"noun_344",4
"noun_3442",6
"noun_3443",1
"noun_3444",1
"noun_3445",62
"noun_3448",335
"noun_3449",6
"noun_345",1
"noun_3450",2
"noun_3451",1
"noun_3452",1
"noun_3454",24
"noun_3455",18
"noun_3456",1
"noun_3457",5
"noun_3459",961
"noun_3460",1
"noun_3463",1
"noun_3466",1
"noun_3467",1
"noun_3469",1
"noun_3470",1
"noun_3471",1
"noun_3472",12
"noun_3473",3
"noun_3475",1
"noun_3476",6
"noun_3477",172
"noun_3478",1
"noun_3479",8
"noun_348",1
"noun_3481",3
"noun_3482",1
"noun_3483",2
"noun_3484",1
"noun_3485",4
"noun_3486",8
"noun_3487",2
"noun_3488",1
"noun_3489",1
"noun_349",1
"noun_3490",36
"noun_3492",104
"noun_3493",1
"noun_3494",4
"noun_3495",42
"noun_3496",1
"noun_3497",1
"noun_3498",11
"noun_350",3
"noun_3500",222
"noun_3501",2
"noun_3502",1
"noun_3503",1
"noun_3505",471
"noun_3507",3
"noun_3509",114
"noun_351",1
"noun_3510",123
"noun_3511",14
"noun_3512",1
"noun_3513",10
"noun_3514",1
"noun_3515",114
"noun_3516",41
"noun_3517",1
"noun_3518",3
"noun_3519",35
"noun_352",3
"noun_3520",2
"noun_3521",1
"noun_3522",2
"noun_3523",1
"noun_3525",23
"noun_353",1
"noun_3530",9
"noun_3531",1
"noun_3533",1
"noun_3534",1
"noun_3536",1
"noun_3537",1
"noun_3538",1
"noun_3539",15
"noun_3540",3
"noun_3541",1
"noun_3543",4
"noun_3544",1
"noun_3546",218
"noun_3547",11
"noun_3549",1
"noun_3550",5
"noun_3551",1
"noun_3552",79
"noun_3553",1
"noun_3554",1
"noun_3555",3
"noun_3556",13
"noun_3557",1
"noun_3558",3
"noun_356",1
"noun_3560",1
"noun_3562",2
"noun_3565",6
"noun_3567",38
"noun_3569",1
"noun_357",1
"noun_3570",7
"noun_3571",1
"noun_3573",1
"noun_3574",1
"noun_3575",8
"noun_3576",1
"noun_3577",15
"noun_3578",1
"noun_3579",1
"noun_3581",90
"noun_3582",6
"noun_3583",9
"noun_3584",2
"noun_3585",1
"noun_3586",3
"noun_3587",2
"noun_3588",1
"noun_359",1
"noun_3593",1
"noun_3594",4
"noun_3595",67
"noun_3596",9
"noun_3597",10
"noun_3598",1
"noun_3599",1
"noun_36",7
"noun_360",10
"noun_3600",2
"noun_3601",39
"noun_3602",7
"noun_3603",2
"noun_3604",2
"noun_3606",1
"noun_3607",8
"noun_3608",23
"noun_3610",42
"noun_3614",8
"noun_3615",1
"noun_3617",1
"noun_3618",1
"noun_3619",43
"noun_3620",1
"noun_3621",1
"noun_3622",8
"noun_3623",1
"noun_3625",1
"noun_3626",1
"noun_3627",19
"noun_3629",5
"noun_3630",2
"noun_3631",2
"noun_3632",3
"noun_3633",1
"noun_3634",36
"noun_3635",3
"noun_3636",15
"noun_3638",1
"noun_3639",6
"noun_364",6
"noun_3641",1
"noun_3642",2
"noun_3643",1
"noun_3644",127
"noun_3647",1
"noun_3648",33
"noun_3650",1
"noun_3651",1
"noun_3654",1
"noun_3655",2
"noun_3656",1
"noun_366",39
"noun_3660",26
"noun_3662",1
"noun_3663",1
"noun_3665",1
"noun_3666",16
"noun_3667",1
"noun_3668",1
"noun_367",7
"noun_3670",16
"noun_3672",176
"noun_3673",5
"noun_3674",2
"noun_3675",39
"noun_3676",31
"noun_3677",1
"noun_3678",15
"noun_3679",2
"noun_368",5
"noun_3680",1
"noun_3681",1
"noun_3682",1
"noun_3683",2
"noun_3684",10
"noun_3685",3
"noun_3687",12
"noun_3688",11
"noun_3689",26
"noun_369",4
"noun_3690",3
"noun_3691",5
"noun_3693",33
"noun_3695",39
"noun_3696",1
"noun_3697",4
"noun_3699",1
"noun_37",1
"noun_370",276
"noun_3700",1
"noun_3701",6
"noun_3703",11
"noun_3705",1
"noun_3706",1
"noun_3707",4
"noun_3708",3
"noun_371",283
"noun_3712",3
"noun_3713",1
"noun_3714",1
"noun_3715",2
"noun_3716",1
"noun_3717",3
"noun_3718",7
"noun_3719",35
"noun_372",26
"noun_3720",2
"noun_3721",1
"noun_3722",1
"noun_3723",1
"noun_3725",14
"noun_3726",4
"noun_3727",2
"noun_3728",18
"noun_373",1
"noun_3731",6
"noun_3732",74
"noun_3733",25
"noun_3735",1
"noun_3736",4
"noun_3737",1
"noun_3738",1
"noun_3739",14
"noun_374",12
"noun_3740",129
"noun_3742",7
"noun_3743",5
"noun_3744",3
"noun_3745",30
"noun_3747",3
"noun_3749",4
"noun_375",4
"noun_3751",9
"noun_3752",6
"noun_3754",6
"noun_3755",1
"noun_3756",54
"noun_3757",13
"noun_3758",4
"noun_3759",3
"noun_376",1
"noun_3761",8
"noun_3762",18
"noun_3764",7
"noun_3766",5
"noun_3767",2
"noun_3769",55
"noun_377",804
"noun_3770",4
"noun_3771",83
"noun_3772",6
"noun_3773",5
"noun_3774",7
"noun_3775",1
"noun_3776",13
"noun_3777",2
"noun_3779",1
"noun_3780",1
"noun_3784",1
"noun_3785",3
"noun_3786",1
"noun_3787",1
"noun_3788",2
"noun_379",1
"noun_3791",1
"noun_3793",2
"noun_3794",5
"noun_3795",2
"noun_3796",24
"noun_3798",2
"noun_3799",4
"noun_38",6
"noun_380",1
"noun_3800",9
"noun_3802",8
"noun_3803",6
"noun_3804",1
"noun_3805",274
"noun_3806",5
"noun_3807",54
"noun_3808",11
"noun_3809",4
"noun_381",2
"noun_3810",1
"noun_3811",3
"noun_3812",15
"noun_3813",2
"noun_3814",1
"noun_3815",6
"noun_382",53
"noun_3820",16
"noun_3821",1
"noun_3822",1
"noun_3823",6
"noun_3824",4
"noun_3825",1
"noun_3827",4
"noun_3830",3
"noun_3831",10
"noun_3832",1
"noun_3834",5
"noun_3835",1
"noun_3836",1
"noun_3837",1
"noun_3838",1
"noun_3839",1
"noun_3840",6
"noun_3841",4
"noun_3842",101
"noun_3843",17
"noun_3844",2
"noun_3845",3
"noun_3846",1
"noun_3848",1
"noun_3849",1
"noun_385",1
"noun_3850",1
"noun_3851",1
"noun_3852",5
"noun_3853",8
"noun_3854",8
"noun_3855",1
"noun_3856",22
"noun_3857",2
"noun_3858",5
"noun_3859",1
"noun_386",4
"noun_3861",5
"noun_3862",1
"noun_3863",2
"noun_3864",1
"noun_3865",1
"noun_3867",1
"noun_3868",1
"noun_387",1
"noun_3870",9
"noun_3871",1
"noun_3872",1
"noun_3874",1
"noun_3875",4
"noun_3876",104
"noun_3877",2
"noun_3878",1
"noun_388",7
"noun_3880",1
"noun_3881",2
"noun_3883",1
"noun_3884",1
"noun_3885",1
"noun_3886",3
"noun_3887",1
"noun_3888",32
"noun_3889",5
"noun_3890",91
"noun_3891",36
"noun_3892",1
"noun_3893",1
"noun_3896",19
"noun_3898",1
"noun_39",3
"noun_3900",299
"noun_3901",5
"noun_3902",1
"noun_3903",7
"noun_3905",5
"noun_3906",1
"noun_3907",94
"noun_3908",2
"noun_3909",2
"noun_391",2
"noun_3910",15
"noun_3913",31
"noun_3914",2
"noun_3918",3
"noun_3921",1
"noun_3922",3
"noun_3923",2
"noun_3925",2
"noun_3926",1
"noun_3927",1
"noun_3928",5
"noun_393",1
"noun_3931",1
"noun_3932",1
"noun_3933",3
"noun_3935",27
"noun_3936",6
"noun_3937",21
"noun_3939",1
"noun_394",2051
"noun_3941",3
"noun_3942",1
"noun_3944",1
"noun_3945",1
"noun_3946",914
"noun_3947",9
"noun_3948",2
"noun_3951",3
"noun_3952",3
"noun_3953",1
"noun_3955",1
"noun_3956",1
"noun_3958",5
"noun_396",1
"noun_3960",1
"noun_3961",2
"noun_3962",4
"noun_3963",1
"noun_3965",3
"noun_3968",3
"noun_3969",2
"noun_3970",89
"noun_3971",1
"noun_3972",17
"noun_3973",2
"noun_3974",2
"noun_3975",1
"noun_3977",1
"noun_3978",4
"noun_3979",1
"noun_398",1
"noun_3980",1
"noun_3981",10
"noun_3982",1
"noun_3983",1
"noun_3985",2
"noun_3987",1
"noun_3988",2
"noun_399",3
"noun_3990",1
"noun_3991",4
"noun_3992",7
"noun_3994",7
"noun_3995",2
"noun_3997",1
"noun_3998",2
"noun_4",1
"noun_40",26
"noun_400",72
"noun_4000",2
"noun_4001",1
"noun_4002",50
"noun_4003",16
"noun_4005",1
"noun_4006",11
"noun_4008",1
"noun_4010",5
"noun_4011",7
"noun_4012",1
"noun_4013",2
"noun_4015",2
"noun_4016",1
"noun_4018",2
"noun_402",1
"noun_4020",253
"noun_4021",3
"noun_4022",1
"noun_4023",227
"noun_4024",6
"noun_4025",1
"noun_4026",1
"noun_4027",2
"noun_4028",1
"noun_4029",556
"noun_4030",1
"noun_4032",1
"noun_4033",6
"noun_4034",4
"noun_4035",15
"noun_4040",1
"noun_4041",2
"noun_4043",1
"noun_4045",1
"noun_4046",2
"noun_4048",5
"noun_4052",1
"noun_4053",4
"noun_4054",1
"noun_4056",3
"noun_4058",2
"noun_4060",3
"noun_4061",2
"noun_4062",1
"noun_4063",1
"noun_4065",30
"noun_4066",1
"noun_4067",100
"noun_4068",5
"noun_4069",3
"noun_4070",2
"noun_4072",4
"noun_4073",19
"noun_4074",1
"noun_4076",54
"noun_4077",35
"noun_4078",12
"noun_4079",1
"noun_408",37
"noun_4080",36
"noun_4081",3
"noun_4083",14
"noun_4084",2
"noun_4085",174
"noun_4086",8
"noun_4087",1
"noun_4088",1
"noun_4089",14
"noun_409",1
"noun_4090",5
"noun_4091",2
"noun_4092",1
"noun_4093",14
"noun_4096",6
"noun_4097",1
"noun_41",39
"noun_4100",58
"noun_4101",3
"noun_4102",2
"noun_4103",5
"noun_4104",2
"noun_4106",79
"noun_4107",5
"noun_4108",14
"noun_4109",31
"noun_411",41
"noun_4110",1
"noun_4111",1
"noun_4112",25
"noun_4113",1
"noun_4114",1
"noun_4115",6
"noun_4116",117
"noun_4117",2
"noun_4118",10
"noun_4119",1
"noun_412",1
"noun_4121",1
"noun_4124",4
"noun_4125",1
"noun_4126",4
"noun_4127",107
"noun_4128",1
"noun_4129",1
"noun_413",14
"noun_4130",13
"noun_4131",10
"noun_4134",32
"noun_4135",1
"noun_4136",4
"noun_4137",1
"noun_4138",1
"noun_4139",2
"noun_414",1
"noun_4141",26
"noun_4143",141
"noun_4144",13
"noun_4146",2
"noun_4147",6
"noun_4148",1
"noun_4149",1
"noun_4150",2
"noun_4151",11
"noun_4154",3
"noun_4155",1
"noun_4156",1
"noun_4157",2
"noun_4158",8
"noun_4159",9
"noun_416",18
"noun_4160",7
"noun_4161",2
"noun_4163",4
"noun_4164",1567
"noun_4165",2
"noun_4166",1
"noun_4167",2
"noun_4169",1
"noun_417",1
"noun_4170",2253
"noun_4171",1
"noun_4172",1
"noun_4174",7
"noun_4175",5
"noun_4176",2
"noun_4178",1
"noun_4179",202
"noun_418",6
"noun_4180",1
"noun_4181",14
"noun_4186",1
"noun_4187",4
"noun_4188",55
"noun_419",5
"noun_4190",2
"noun_4191",15
"noun_4192",1
"noun_4193",2
"noun_4194",2
"noun_4195",1
"noun_4196",3
"noun_4197",1
"noun_4198",11
"noun_4199",9
"noun_42",1
"noun_420",2
"noun_4201",3
"noun_4202",4
"noun_4203",1
"noun_4204",1
"noun_4206",5
"noun_421",6
"noun_4210",2
"noun_4211",1
"noun_4212",2
"noun_4213",2
"noun_4214",1
"noun_4215",1
"noun_4217",3
"noun_4219",1
"noun_422",10
"noun_4220",24
"noun_4221",6
"noun_4222",1
"noun_4223",1
"noun_4224",2
"noun_4225",1
"noun_4227",2
"noun_4228",1
"noun_4229",1
"noun_4232",1
"noun_4234",1
"noun_4235",2
"noun_4236",7
"noun_4238",21
"noun_4239",1
"noun_4240",1
"noun_4241",72
"noun_4242",5
"noun_4246",1
"noun_4247",2
"noun_4248",1
"noun_425",1
"noun_4250",3
"noun_4251",1
"noun_4253",1
"noun_4254",1
"noun_4256",29
"noun_4257",6
"noun_426",4
"noun_4260",1
"noun_4261",65
"noun_4262",4
"noun_4263",1
"noun_4264",3
"noun_4266",1
"noun_4270",2
"noun_4271",3
"noun_4272",1
"noun_4273",3
"noun_4275",152
"noun_4277",20
"noun_4278",1
"noun_4281",2
"noun_4282",11
"noun_4283",17
"noun_4284",1
"noun_4285",1
"noun_4286",19
"noun_4288",4
"noun_429",11
"noun_4291",3
"noun_4292",7
"noun_4293",6
"noun_4294",1
"noun_4295",1
"noun_4296",2
"noun_4297",1
"noun_4299",1
"noun_43",2
"noun_4300",37
"noun_4301",4
"noun_4303",102
"noun_4304",16
"noun_4305",3
"noun_4306",1
"noun_4307",122
"noun_4308",1
"noun_4309",1
"noun_431",1
"noun_4311",39
"noun_4312",1
"noun_4313",24
"noun_4314",1
"noun_4315",87
"noun_4316",4
"noun_4317",3
"noun_4318",3
"noun_4319",1
"noun_432",2
"noun_4321",1
"noun_4322",12
"noun_4323",1
"noun_4324",4
"noun_4326",2
"noun_4327",1
"noun_4329",1
"noun_433",1
"noun_4331",1
"noun_4333",1
"noun_4334",2
"noun_4335",1
"noun_4336",6
"noun_4337",68
"noun_4338",2
"noun_434",75
"noun_4340",1
"noun_4341",4
"noun_4342",612
"noun_4345",2
"noun_4346",1
"noun_435",4
"noun_4350",15
"noun_4351",1
"noun_4352",52
"noun_4356",1
"noun_4357",12
"noun_4358",1
"noun_4359",2
"noun_436",1
"noun_4360",426
"noun_4361",264
"noun_4362",7
"noun_4363",11
"noun_4365",8
"noun_4366",6
"noun_4367",1
"noun_4368",1
"noun_4369",1127
"noun_437",1
"noun_4370",1
"noun_4371",10
"noun_4372",17
"noun_4373",1
"noun_4374",2
"noun_4375",1
"noun_4377",1
"noun_4379",1
"noun_4380",17
"noun_4381",1
"noun_4382",10
"noun_4383",1
"noun_4384",18
"noun_4385",1
"noun_4386",6
"noun_439",1
"noun_4390",2
"noun_4391",1
"noun_4392",1
"noun_4393",2
"noun_4394",1
"noun_4396",2
"noun_4397",2
"noun_4398",1
"noun_4399",4
"noun_4401",3
"noun_4402",1
"noun_4403",38
"noun_4404",1
"noun_4405",1
"noun_4406",3
"noun_4407",1
"noun_4408",220
"noun_4409",1
"noun_441",1
"noun_4411",1
"noun_4412",21
"noun_4413",11
"noun_4414",1
"noun_4415",10
"noun_4417",7
"noun_4418",2
"noun_4419",1
"noun_442",2
"noun_4422",10
"noun_4423",1
"noun_4424",1
"noun_4425",4
"noun_4426",1
"noun_4427",182
"noun_4428",1
"noun_4429",1
"noun_4433",2
"noun_4434",1
"noun_4435",8
"noun_4436",1
"noun_4439",1
"noun_444",4
"noun_4440",31
"noun_4442",2
"noun_4443",2
"noun_4444",72
"noun_4445",1
"noun_4446",4
"noun_4447",1
"noun_4448",128
"noun_4449",14
"noun_445",3
"noun_4450",1
"noun_4451",1
"noun_4452",9
"noun_4453",2
"noun_4454",1
"noun_4455",4
"noun_4456",4
"noun_4457",658
"noun_4458",4
"noun_4459",3
"noun_446",2
"noun_4460",3
"noun_4461",6
"noun_4462",1
"noun_4463",2
"noun_4465",1
"noun_4466",1
"noun_4467",136
"noun_4468",41
"noun_4469",38
"noun_447",11
"noun_4470",3
"noun_4472",1
"noun_4474",100
"noun_4475",4
"noun_4476",3
"noun_4477",3
"noun_4478",3
"noun_4480",230
"noun_4481",1
"noun_4482",2
"noun_4483",1
"noun_4486",10
"noun_4487",2
"noun_4488",4
"noun_4489",2
"noun_449",9
"noun_4490",1
"noun_4491",10
"noun_4492",5
"noun_4493",1
"noun_4494",6
"noun_4495",8
"noun_4496",1
"noun_4497",10
"noun_4499",1
"noun_45",7
"noun_450",1
"noun_4500",2
"noun_4501",1
"noun_4502",7
"noun_4503",2
"noun_4504",1
"noun_4505",7
"noun_4506",11
"noun_4508",45
"noun_4509",1
"noun_451",4
"noun_4510",25
"noun_4511",1
"noun_4512",5
"noun_4513",1
"noun_4514",1
"noun_4515",42
"noun_4518",4
"noun_4519",13
"noun_452",2
"noun_4520",4
"noun_4521",12
"noun_4522",1
"noun_4523",73
"noun_4524",23
"noun_4525",13
"noun_4526",3
"noun_4527",1
"noun_4528",6
"noun_4529",2
"noun_4530",3
"noun_4531",3
"noun_4532",1
"noun_4533",2
"noun_4535",2
"noun_4537",14
"noun_4538",2
"noun_4539",1
"noun_454",1
"noun_4540",1
"noun_4544",156
"noun_4545",1
"noun_4547",13
"noun_4548",1
"noun_4549",20
"noun_455",2
"noun_4550",3
"noun_4551",68
"noun_4553",1
"noun_4556",1
"noun_4557",1
"noun_4558",30
"noun_4559",2
"noun_456",4
"noun_4560",51
"noun_4561",1
"noun_4562",6
"noun_4563",63
"noun_4566",3
"noun_4569",1
"noun_4570",92
"noun_4571",4
"noun_4572",1
"noun_4576",1
"noun_4577",1
"noun_4578",1
"noun_458",1
"noun_4580",838
"noun_4581",26
"noun_4582",16
"noun_4584",1
"noun_4585",2
"noun_4586",1
"noun_4587",1
"noun_4588",39
"noun_459",10
"noun_4590",48
"noun_4591",1
"noun_4592",6
"noun_4594",1
"noun_4596",4
"noun_4597",1
"noun_4598",235
"noun_4599",10
"noun_46",1
"noun_460",11
"noun_4600",1
"noun_4601",1
"noun_4602",4
"noun_4604",8
"noun_4607",44
"noun_4608",12
"noun_4609",2
"noun_461",1
"noun_4612",1
"noun_4613",7
"noun_4614",1
"noun_4615",1
"noun_4617",1
"noun_4618",1
"noun_462",1
"noun_4620",2655
"noun_4621",1
"noun_4622",1
"noun_4623",3
"noun_4624",1
"noun_4625",1
"noun_4626",1
"noun_4627",3
"noun_4628",1
"noun_463",9
"noun_4630",1
"noun_4631",3
"noun_4632",1129
"noun_4633",1
"noun_4635",1
"noun_4636",3
"noun_4637",1
"noun_4638",8
"noun_4639",251
"noun_4641",1
"noun_4643",1
"noun_4644",6
"noun_4646",3
"noun_4647",3
"noun_4649",1
"noun_465",1
"noun_4650",1
"noun_4651",12
"noun_4652",2
"noun_4656",114
"noun_4658",40
"noun_4660",2
"noun_4662",16
"noun_4663",4
"noun_4664",1
"noun_4665",22
"noun_4667",1
"noun_4668",9
"noun_4669",7
"noun_467",4
"noun_4670",26
"noun_4672",4
"noun_4674",1
"noun_4675",23
"noun_4676",19
"noun_4678",1
"noun_4679",2
"noun_468",1
"noun_4680",3
"noun_4681",2
"noun_4682",18
"noun_4684",1
"noun_4685",1
"noun_4686",1
"noun_4689",1
"noun_469",1
"noun_4690",1
"noun_4691",2
"noun_4693",443
"noun_4694",1
"noun_4696",1
"noun_4697",19
"noun_4698",133
"noun_4699",1
"noun_4701",1
"noun_4702",65
"noun_4704",1
"noun_4705",1
"noun_4706",1
"noun_4707",1
"noun_4709",127
"noun_471",1
"noun_4712",1550
"noun_4714",1
"noun_4715",2
"noun_4716",2
"noun_4717",1
"noun_4718",2
"noun_4719",7
"noun_4720",1
"noun_4721",9
"noun_4722",4
"noun_4723",1
"noun_4724",1
"noun_4725",1
"noun_4726",5
"noun_4728",2
"noun_473",2
"noun_4730",1
"noun_4731",1
"noun_4732",5
"noun_4733",1
"noun_4734",2
"noun_4737",1
"noun_4738",1
"noun_4739",4
"noun_474",1
"noun_4740",1
"noun_4742",1
"noun_4744",415
"noun_4746",1
"noun_4748",2
"noun_4749",1
"noun_4751",3
"noun_4753",3
"noun_4755",5
"noun_4757",1
"noun_4758",63
"noun_4759",2
"noun_476",2
"noun_4761",1
"noun_4762",1
"noun_4763",4
"noun_4764",3
"noun_4765",1
"noun_4766",147
"noun_4768",7
"noun_4769",29
"noun_477",1
"noun_4771",1
"noun_4773",2
"noun_4774",19
"noun_4775",2
"noun_4776",1
"noun_4777",8
"noun_4778",2
"noun_4779",1
"noun_478",4
"noun_4780",2
"noun_4781",1
"noun_4782",3
"noun_4783",70
"noun_4784",19
"noun_4785",1
"noun_4789",149
"noun_4790",85
"noun_4792",1
"noun_4793",1
"noun_4795",3
"noun_4796",1
"noun_4797",105
"noun_4799",1
"noun_4800",31
"noun_4801",4
"noun_4803",1
"noun_4804",4
"noun_4805",7
"noun_4807",1
"noun_4812",1
"noun_4813",28
"noun_4814",1
"noun_4815",9
"noun_4816",1
"noun_4817",11
"noun_4818",70
"noun_4819",6
"noun_482",2
"noun_4821",9
"noun_4824",3
"noun_4826",14
"noun_4828",1
"noun_4829",7
"noun_4832",78
"noun_4833",1
"noun_4834",6
"noun_4835",9
"noun_4836",1
"noun_4839",1
"noun_4840",4
"noun_4842",12
"noun_4843",1
"noun_4844",2
"noun_4845",3
"noun_4846",1
"noun_4847",5
"noun_4848",93
"noun_4849",149
"noun_485",7
"noun_4850",30
"noun_4851",1
"noun_4852",2
"noun_4855",1
"noun_4857",6
"noun_4858",1
"noun_4859",28
"noun_4860",1098
"noun_4861",17
"noun_4862",443
"noun_4863",4
"noun_4864",357
"noun_4867",109
"noun_4868",1
"noun_487",3
"noun_4871",1
"noun_4872",1
"noun_4874",47
"noun_4877",1
"noun_4878",1
"noun_4879",5
"noun_488",13
"noun_4880",13
"noun_4882",1
"noun_4883",1
"noun_4884",58
"noun_4885",67
"noun_4886",4
"noun_4887",57
"noun_4888",14
"noun_4889",19
"noun_489",2
"noun_4891",1
"noun_4892",1
"noun_4893",3
"noun_4894",195
"noun_4896",4
"noun_4897",3
"noun_4898",1
"noun_49",4
"noun_4900",8
"noun_4902",1
"noun_4903",15
"noun_4904",3
"noun_4905",5
"noun_4906",2
"noun_4907",1
"noun_4908",1
"noun_4910",1
"noun_4911",52
"noun_4912",1
"noun_4913",1
"noun_4914",1
"noun_4916",4
"noun_4917",1
"noun_4918",2
"noun_4919",1
"noun_4921",1
"noun_4923",12
"noun_4924",7
"noun_4927",1
"noun_4928",18
"noun_4929",1
"noun_493",1
"noun_4930",3
"noun_4931",2
"noun_4932",2
"noun_4933",1
"noun_4934",1
"noun_4935",1
"noun_4936",3
"noun_4937",27
"noun_4939",6
"noun_494",47
"noun_4941",17
"noun_4942",72
"noun_4943",11
"noun_4947",1
"noun_4948",7
"noun_495",3
"noun_4951",3
"noun_4952",148
"noun_4954",6
"noun_4956",6
"noun_4957",1
"noun_4958",161
"noun_4959",1
"noun_496",23
"noun_4960",1
"noun_4961",1
"noun_4962",1
"noun_4963",1
"noun_4964",3
"noun_4965",1
"noun_4966",45
"noun_4968",1
"noun_4969",6
"noun_497",11
"noun_4973",36
"noun_4974",1
"noun_4975",1
"noun_4976",1
"noun_4977",2
"noun_4978",1
"noun_4979",1
"noun_498",11
"noun_4980",2
"noun_4981",3
"noun_4982",3
"noun_4983",1
"noun_4984",1
"noun_4986",1
"noun_4987",1
"noun_4988",3
"noun_4989",1
"noun_499",1
"noun_4991",1
"noun_4993",1
"noun_4994",1
"noun_4995",4
"noun_4996",1
"noun_4998",9
"noun_5",1
"noun_500",1
"noun_5000",6
"noun_5005",1
"noun_5008",9
"noun_5009",3
"noun_501",1
"noun_5010",1
"noun_5016",2
"noun_5018",404
"noun_5019",4
"noun_502",4
"noun_5020",1
"noun_5022",1
"noun_5023",1
"noun_5024",1
"noun_5025",1
"noun_5026",1
"noun_5028",1
"noun_503",1
"noun_5030",2
"noun_5031",1
"noun_5033",1
"noun_5034",25
"noun_5035",56
"noun_5036",4
"noun_5039",1
"noun_504",58
"noun_5041",1
"noun_5043",1
"noun_5044",1
"noun_5046",25
"noun_5047",1
"noun_5048",1
"noun_5049",170
"noun_5050",1
"noun_5051",1
"noun_5054",7
"noun_5055",2
"noun_5056",8
"noun_5059",1
"noun_506",4
"noun_5060",1
"noun_5061",1
"noun_5063",8
"noun_5064",3
"noun_5065",5
"noun_5066",1
"noun_5067",2
"noun_5068",3
"noun_5069",1
"noun_5071",1
"noun_5072",22
"noun_5076",1
"noun_5077",1
"noun_5078",9
"noun_5079",2
"noun_508",18
"noun_5081",28
"noun_5082",4
"noun_5084",7
"noun_5085",0
"noun_5086",15
"noun_5087",8
"noun_5088",1
"noun_5089",1
"noun_509",2
"noun_5091",2
"noun_5092",4
"noun_5093",1
"noun_5094",1
"noun_5096",19
"noun_5097",1
"noun_5098",1
"noun_5099",1
"noun_5100",1
"noun_5101",2
"noun_5102",1
"noun_5104",11
"noun_5105",3
"noun_5107",1
"noun_5108",2
"noun_511",4
"noun_5110",2
"noun_5111",1
"noun_5113",21
"noun_5114",4
"noun_5115",3
"noun_5118",1
"noun_5120",1
"noun_5121",16
"noun_5123",81
"noun_5124",1
"noun_5126",1
"noun_5129",46
"noun_5130",1
"noun_5131",23
"noun_5133",2
"noun_5134",51
"noun_5136",59
"noun_5137",4
"noun_5138",2
"noun_5139",2
"noun_514",1
"noun_5140",1
"noun_5142",1
"noun_5143",1
"noun_5144",1
"noun_5146",1
"noun_5147",1
"noun_5148",5
"noun_5149",1
"noun_515",6
"noun_5150",1
"noun_5153",1
"noun_5154",73
"noun_5155",1
"noun_5156",20
"noun_5157",1
"noun_5158",10
"noun_516",1
"noun_5160",1
"noun_5161",1
"noun_5162",160
"noun_5163",2
"noun_5165",1
"noun_5168",13
"noun_5169",13
"noun_517",3
"noun_5170",1
"noun_5171",1
"noun_5172",4
"noun_5174",1
"noun_5175",2
"noun_5178",36
"noun_5179",2
"noun_518",2
"noun_5180",7
"noun_5182",1
"noun_5184",4
"noun_5185",55
"noun_5186",1
"noun_5187",1
"noun_5188",1
"noun_5189",432
"noun_519",1
"noun_5190",3
"noun_5191",1
"noun_5192",1
"noun_5193",2
"noun_5194",589
"noun_5195",3
"noun_5196",1
"noun_5197",3
"noun_5198",16
"noun_5199",5
"noun_52",2
"noun_520",4
"noun_5200",17
"noun_5201",1
"noun_5202",15
"noun_5203",58
"noun_5204",1
"noun_5205",2
"noun_5206",1
"noun_5211",1
"noun_5212",35
"noun_5214",13
"noun_5215",11
"noun_5219",3
"noun_5220",3
"noun_5223",100
"noun_5225",9
"noun_5227",1
"noun_5228",1
"noun_5229",4
"noun_523",2
"noun_5230",3
"noun_5233",1
"noun_5234",2
"noun_5235",105
"noun_5237",1
"noun_5238",12
"noun_5239",333
"noun_524",2
"noun_5240",1
"noun_5243",2
"noun_5246",1
"noun_5247",1
"noun_5248",1
"noun_5249",2
"noun_525",4
"noun_5250",3
"noun_5251",1183
"noun_5252",7
"noun_5253",17
"noun_5254",15
"noun_5255",7
"noun_5256",1
"noun_5257",8
"noun_5258",20
"noun_5259",1
"noun_526",1
"noun_5261",3
"noun_5262",4
"noun_5263",1
"noun_5264",35
"noun_5265",3
"noun_5266",2
"noun_5267",2
"noun_5268",10
"noun_5269",2
"noun_527",1
"noun_5270",1
"noun_5271",23
"noun_5272",1
"noun_5273",2
"noun_5274",3
"noun_5275",9
"noun_5276",10
"noun_5278",446
"noun_5279",4
"noun_528",1
"noun_5281",12
"noun_5282",1
"noun_5284",1
"noun_5287",5
"noun_5289",8
"noun_529",5
"noun_5290",1
"noun_5291",1
"noun_5292",1
"noun_5295",1
"noun_5296",213
"noun_5297",1
"noun_5299",4
"noun_53",1
"noun_530",44
"noun_5300",269
"noun_5302",905
"noun_5305",1
"noun_5306",1
"noun_5307",3
"noun_5308",57
"noun_5309",2
"noun_5311",31
"noun_5312",11
"noun_5313",2
"noun_5316",6
"noun_5319",36
"noun_532",3
"noun_5320",4
"noun_5321",1
"noun_5324",3
"noun_5327",2
"noun_5328",15
"noun_5329",3
"noun_533",12
"noun_5331",66
"noun_5332",3
"noun_5333",3
"noun_5335",17
"noun_5336",1
"noun_5337",9
"noun_5338",1
"noun_5339",29
"noun_5342",4
"noun_5343",1
"noun_5344",6
"noun_5346",4
"noun_5347",1
"noun_5349",16
"noun_5350",1
"noun_5351",1
"noun_5352",77
"noun_5353",1
"noun_5354",1
"noun_5355",16
"noun_5357",1
"noun_5358",1
"noun_5360",4
"noun_5362",4
"noun_5363",110
"noun_5364",29
"noun_5366",6
"noun_5368",4
"noun_5369",10
"noun_5370",1
"noun_5372",1
"noun_5373",8
"noun_5375",2
"noun_5376",1
"noun_5377",3
"noun_5378",6
"noun_5380",1
"noun_5382",25
"noun_5383",1
"noun_5384",1
"noun_5385",1
"noun_5387",21
"noun_5388",1
"noun_5391",2928
"noun_5392",1
"noun_5394",1
"noun_5395",3
"noun_5396",3
"noun_5398",1
"noun_54",10
"noun_540",3
"noun_5400",2
"noun_5403",1
"noun_5405",2
"noun_5406",1
"noun_5407",2
"noun_5408",11
"noun_541",2
"noun_5410",6
"noun_5411",1
"noun_5412",52
"noun_5413",1
"noun_5414",1
"noun_5415",7
"noun_5416",4
"noun_5417",2
"noun_5418",12
"noun_542",6
"noun_5420",63
"noun_5422",1
"noun_5423",16
"noun_5430",1
"noun_5431",2
"noun_5433",2
"noun_5435",21
"noun_5436",1
"noun_5437",1
"noun_5441",1
"noun_5443",1
"noun_5444",1
"noun_5445",1
"noun_5446",148
"noun_5447",1
"noun_545",1
"noun_5451",1
"noun_5452",1
"noun_5454",1
"noun_5455",6
"noun_5457",1
"noun_5459",1
"noun_546",9
"noun_5460",15
"noun_5461",1
"noun_5462",23
"noun_5463",2
"noun_5464",1
"noun_5467",10
"noun_5468",96
"noun_547",4
"noun_5472",2
"noun_5473",183
"noun_5475",1
"noun_5477",7
"noun_5478",103
"noun_5479",58
"noun_548",14
"noun_5481",6
"noun_5482",6
"noun_5484",1
"noun_5485",86
"noun_5486",239
"noun_5488",18
"noun_5489",1
"noun_549",4
"noun_5491",117
"noun_5493",2
"noun_5494",1
"noun_5497",13
"noun_5498",1
"noun_55",2
"noun_550",44
"noun_5500",2
"noun_5503",1
"noun_5505",3
"noun_5506",1
"noun_5507",3
"noun_5509",1
"noun_551",6
"noun_5510",1
"noun_5513",1
"noun_5514",1
"noun_5515",1
"noun_5516",1
"noun_5518",3
"noun_5519",10
"noun_552",587
"noun_5521",1
"noun_5522",2
"noun_5523",2
"noun_5524",1
"noun_5525",1
"noun_5526",4
"noun_5528",1
"noun_5529",80
"noun_553",11
"noun_5532",11
"noun_5536",1
"noun_5537",8
"noun_5539",1
"noun_554",1
"noun_5541",1
"noun_5542",6
"noun_5543",164
"noun_5544",9
"noun_5547",3
"noun_5548",1
"noun_5549",21
"noun_555",48
"noun_5550",1
"noun_5551",10
"noun_5552",6
"noun_5553",2
"noun_5554",1
"noun_5555",6
"noun_5556",8
"noun_5557",1
"noun_5558",1
"noun_5559",4
"noun_556",8
"noun_5562",20
"noun_5563",11
"noun_5565",14
"noun_5567",1
"noun_5568",3
"noun_5569",1
"noun_557",3
"noun_5570",5
"noun_5572",2
"noun_5574",1
"noun_5575",6
"noun_5576",1
"noun_5577",625
"noun_5579",7
"noun_5580",1
"noun_5583",1
"noun_5584",7
"noun_5585",1
"noun_5586",1
"noun_5587",19
"noun_5589",17
"noun_559",1
"noun_5590",22
"noun_5591",1
"noun_5592",4
"noun_5594",1
"noun_5595",1
"noun_5597",1
"noun_5598",2
"noun_56",14
"noun_5600",1
"noun_5601",4
"noun_5602",25
"noun_5605",1
"noun_5606",2
"noun_5607",1
"noun_5608",1
"noun_561",1
"noun_5610",2
"noun_5611",1
"noun_5614",1
"noun_5615",1
"noun_5616",5
"noun_5618",2
"noun_5619",4
"noun_562",107
"noun_5620",1
"noun_5621",2
"noun_5623",122
"noun_5624",1
"noun_5625",2
"noun_5626",432
"noun_5627",1
"noun_5628",1
"noun_563",12
"noun_5630",1
"noun_5631",11
"noun_5632",1
"noun_5633",2
"noun_5635",1
"noun_5636",1
"noun_5637",1
"noun_5639",9
"noun_564",11
"noun_5640",11
"noun_5641",8
"noun_5642",1
"noun_5643",3
"noun_5644",11
"noun_5645",44
"noun_5646",9
"noun_5647",30
"noun_5648",2
"noun_5649",1
"noun_565",517
"noun_5650",1
"noun_5651",3
"noun_5653",1
"noun_5654",1
"noun_5656",12
"noun_5657",21
"noun_5658",57
"noun_5659",1
"noun_5660",3
"noun_5661",1
"noun_5662",2
"noun_5663",51
"noun_5664",294
"noun_5667",13
"noun_5668",2
"noun_567",1
"noun_5670",1
"noun_5673",1
"noun_5674",1
"noun_5675",9
"noun_5676",685
"noun_5677",1
"noun_5678",1
"noun_5679",102
"noun_5680",1
"noun_5682",1
"noun_5683",1
"noun_5684",1
"noun_5685",1
"noun_5686",38
"noun_5687",1
"noun_5688",1
"noun_5689",2
"noun_5691",265
"noun_5693",2
"noun_5694",28
"noun_5696",1
"noun_5698",2
"noun_57",7
"noun_570",1
"noun_5700",4
"noun_5701",1
"noun_5702",1
"noun_5703",170
"noun_5704",1
"noun_5705",6
"noun_5706",11
"noun_5708",19
"noun_5709",1
"noun_571",1
"noun_5712",2
"noun_5714",2
"noun_5715",1
"noun_5716",1
"noun_5717",3
"noun_5718",1
"noun_5719",1
"noun_572",3
"noun_5720",3
"noun_5721",1
"noun_5722",13
"noun_5724",2
"noun_5725",1
"noun_5726",7
"noun_5727",5
"noun_5729",7
"noun_573",1
"noun_5730",1
"noun_5731",3
"noun_5732",1
"noun_5733",1
"noun_5735",1
"noun_5736",9
"noun_5737",3
"noun_5739",42
"noun_574",1
"noun_5740",15
"noun_5741",1
"noun_5742",1
"noun_5744",1
"noun_5746",5
"noun_5747",3
"noun_5748",1
"noun_5749",1
"noun_575",1
"noun_5750",21
"noun_5751",1
"noun_5752",31
"noun_5753",1
"noun_5754",5
"noun_5756",1
"noun_5757",1
"noun_5759",2
"noun_576",1
"noun_5762",163
"noun_5766",41
"noun_5767",3
"noun_5769",1
"noun_577",1
"noun_5770",1
"noun_5771",1
"noun_5774",1
"noun_5777",8
"noun_5778",7
"noun_5779",11
"noun_5780",15
"noun_5783",1
"noun_5784",1
"noun_5785",245
"noun_5788",1
"noun_5789",1
"noun_5791",1
"noun_5792",1
"noun_5793",1
"noun_5794",1
"noun_5795",60
"noun_5796",1
"noun_5798",1
"noun_5799",3
"noun_58",185
"noun_580",1
"noun_5801",17
"noun_5802",2
"noun_5804",15
"noun_5806",6
"noun_5807",12
"noun_5808",1
"noun_5809",38
"noun_581",2
"noun_5810",1
"noun_5811",30
"noun_5813",1
"noun_5814",3
"noun_5815",19
"noun_5817",14
"noun_5819",1
"noun_5821",1
"noun_5822",1
"noun_5823",4
"noun_5825",282
"noun_5826",10
"noun_5827",1
"noun_583",5
"noun_5831",2
"noun_5832",9
"noun_5833",2
"noun_5834",96
"noun_5837",1
"noun_584",11
"noun_5840",2
"noun_5841",7
"noun_5842",7
"noun_5843",9
"noun_5844",1
"noun_5845",10
"noun_5847",1
"noun_5848",1
"noun_5849",211
"noun_585",2
"noun_5850",9
"noun_5853",17
"noun_5854",106
"noun_5855",3
"noun_5857",1
"noun_5858",1
"noun_586",6
"noun_5860",1
"noun_5861",4
"noun_5862",19
"noun_5864",1
"noun_5866",1
"noun_5867",1
"noun_5868",15
"noun_5869",1
"noun_587",5
"noun_5871",1
"noun_5873",5
"noun_5874",73
"noun_5875",2
"noun_5876",13
"noun_5878",1
"noun_5879",1
"noun_588",2
"noun_5880",2
"noun_5881",1
"noun_5882",1
"noun_5884",2
"noun_5887",119
"noun_5888",10
"noun_589",2
"noun_5890",7
"noun_5891",1
"noun_5892",1
"noun_5894",1
"noun_5895",23
"noun_5896",1
"noun_5897",1
"noun_5899",2
"noun_59",6
"noun_590",1
"noun_5900",14
"noun_5901",1
"noun_5902",6
"noun_5903",4
"noun_5904",5
"noun_5905",128
"noun_5906",1
"noun_5909",3
"noun_591",2
"noun_5910",2
"noun_5911",1
"noun_5913",4
"noun_5914",6
"noun_5915",18
"noun_5917",33
"noun_5918",7
"noun_592",270
"noun_5920",3
"noun_5921",3
"noun_5923",7
"noun_5924",34
"noun_5925",1
"noun_5926",1
"noun_5927",5
"noun_5928",1
"noun_5929",6
"noun_593",1
"noun_5930",1
"noun_5931",8
"noun_5932",1
"noun_5933",2
"noun_5934",2
"noun_5936",2
"noun_5937",3
"noun_5938",6
"noun_5939",1
"noun_594",1
"noun_5940",1
"noun_5941",2
"noun_5944",1
"noun_5945",1
"noun_5946",55
"noun_5947",1
"noun_5948",4
"noun_595",1
"noun_5950",1
"noun_5951",9
"noun_5952",11
"noun_5955",1
"noun_5956",1385
"noun_5957",4
"noun_5958",12
"noun_5959",3
"noun_596",2
"noun_5960",1
"noun_5962",6
"noun_5963",98
"noun_5964",1
"noun_5965",8
"noun_5966",2
"noun_5967",1
"noun_5968",41
"noun_5969",1
"noun_597",1
"noun_5970",1
"noun_5972",2
"noun_5973",1
"noun_5974",4
"noun_5975",400
"noun_5976",2
"noun_5977",2
"noun_5978",18
"noun_598",100
"noun_5980",3
"noun_5981",2
"noun_5982",1
"noun_5983",1
"noun_5984",4
"noun_5985",3
"noun_5986",1
"noun_5987",140
"noun_5989",4
"noun_599",37
"noun_5990",3
"noun_5991",1
"noun_5992",1
"noun_5993",5
"noun_5994",2
"noun_5995",2
"noun_5996",3
"noun_5997",934
"noun_5998",1
"noun_5999",1
"noun_6",4
"noun_60",71
"noun_600",3
"noun_6001",2
"noun_6004",3
"noun_6005",121
"noun_6006",2
"noun_6007",2400
"noun_6008",1
"noun_6009",1
"noun_6010",3
"noun_6011",521
"noun_6014",1
"noun_6015",8
"noun_6016",1
"noun_6018",325
"noun_602",1
"noun_6021",1
"noun_6022",11
"noun_6023",3
"noun_6026",1
"noun_6027",1
"noun_6028",4
"noun_603",244
"noun_6031",2
"noun_6033",1
"noun_6035",190
"noun_6038",3
"noun_6041",1
"noun_6043",114
"noun_6044",333
"noun_6045",18
"noun_6046",4
"noun_6047",6
"noun_6048",2
"noun_6049",24
"noun_605",1
"noun_6050",3
"noun_6051",1
"noun_6053",4
"noun_6054",5
"noun_6055",14
"noun_6056",1
"noun_6057",2
"noun_6058",1
"noun_6059",2
"noun_606",59
"noun_6060",1
"noun_6063",121
"noun_6065",3
"noun_6067",1
"noun_6068",1
"noun_6069",4
"noun_607",1
"noun_6070",1
"noun_6071",8
"noun_6072",87
"noun_6074",2
"noun_6075",30
"noun_6076",45
"noun_6078",22
"noun_6079",1
"noun_608",2
"noun_6080",2
"noun_6081",1
"noun_6082",4
"noun_6083",119
"noun_6084",2
"noun_6087",1
"noun_6088",18
"noun_609",6
"noun_6091",4
"noun_6092",1
"noun_6093",1
"noun_6094",3
"noun_6095",1
"noun_6096",1
"noun_6097",0
"noun_6098",1
"noun_6099",40
"noun_61",2
"noun_6102",6
"noun_6103",3
"noun_6104",1
"noun_6105",1
"noun_6106",21
"noun_6108",1
"noun_6109",2
"noun_611",36
"noun_6110",4
"noun_6111",1
"noun_6113",1
"noun_6115",1
"noun_6117",12
"noun_6118",2
"noun_612",1
"noun_6120",2
"noun_6121",18
"noun_6122",2
"noun_6123",4
"noun_6124",21
"noun_6125",3
"noun_6126",4
"noun_6127",3
"noun_6130",4
"noun_6131",5
"noun_6133",3
"noun_6135",1
"noun_6136",24
"noun_6137",6
"noun_6139",3
"noun_614",1
"noun_6140",650
"noun_6141",1
"noun_6143",3
"noun_6144",71
"noun_6145",2
"noun_6146",1
"noun_6148",3
"noun_615",2
"noun_6152",1
"noun_6153",2
"noun_6154",1
"noun_6155",1
"noun_6156",1
"noun_6157",5
"noun_6160",1
"noun_6161",1
"noun_6162",5
"noun_6163",1
"noun_6164",1
"noun_6166",1
"noun_6167",2
"noun_6168",2
"noun_6169",2
"noun_617",197
"noun_6170",5
"noun_6172",72
"noun_6173",2
"noun_6176",1
"noun_6177",67
"noun_6178",1
"noun_6179",6
"noun_618",11
"noun_6180",6
"noun_6181",11
"noun_6182",30
"noun_6184",185
"noun_6185",2
"noun_6186",8
"noun_6187",4
"noun_6188",2
"noun_6189",1
"noun_619",4
"noun_6190",1
"noun_6191",35
"noun_6192",1
"noun_6194",1
"noun_6195",1
"noun_6197",3
"noun_6199",2
"noun_620",1
"noun_6200",3
"noun_6201",1
"noun_6202",20
"noun_6203",3
"noun_6204",1
"noun_6205",1
"noun_6206",1
"noun_6207",1
"noun_6208",36
"noun_6209",1
"noun_621",0
"noun_6210",29
"noun_6213",1
"noun_6214",1
"noun_6215",3
"noun_6216",2
"noun_6217",1
"noun_6218",2
"noun_622",45
"noun_6220",2
"noun_6221",3
"noun_6223",1
"noun_6224",1
"noun_6225",1
"noun_623",1
"noun_6230",12
"noun_6231",4
"noun_6232",13
"noun_6233",1
"noun_6235",2
"noun_6236",1
"noun_6237",3
"noun_6239",92
"noun_6240",2
"noun_6243",28
"noun_6244",1
"noun_6245",41
"noun_6246",1
"noun_6247",1
"noun_6248",2
"noun_6249",1
"noun_625",2
"noun_6251",5
"noun_6254",221
"noun_6255",1
"noun_6256",3
"noun_6257",1
"noun_6259",1
"noun_626",2
"noun_6260",2
"noun_6261",62
"noun_6263",1
"noun_6265",1
"noun_6267",1
"noun_627",1
"noun_6270",1
"noun_6272",28
"noun_6274",3
"noun_6275",7
"noun_6276",57
"noun_6277",4
"noun_6278",54
"noun_6279",1
"noun_628",105
"noun_6281",10
"noun_6282",2
"noun_6283",1
"noun_6286",2
"noun_6287",2
"noun_6288",4
"noun_6289",2
"noun_6290",1
"noun_6291",10
"noun_6292",1
"noun_6295",1
"noun_6297",3
"noun_6298",8
"noun_6299",497
"noun_63",13
"noun_6300",2
"noun_6301",2
"noun_6302",15
"noun_6305",8
"noun_6307",6
"noun_6308",46
"noun_6309",1
"noun_6310",1
"noun_6313",135
"noun_6314",1
"noun_6315",1
"noun_6316",1
"noun_6317",2
"noun_6318",1
"noun_6319",1
"noun_6320",3
"noun_6321",1
"noun_6322",1
"noun_6323",1
"noun_6324",1
"noun_6325",22
"noun_6327",1
"noun_6331",7
"noun_6333",7
"noun_6334",7
"noun_6336",1
"noun_6338",9
"noun_6339",2
"noun_634",1
"noun_6340",8
"noun_6341",2
"noun_6342",791
"noun_6343",1
"noun_6344",6
"noun_6345",2
"noun_6347",24
"noun_6348",7
"noun_6349",28
"noun_635",1
"noun_6350",34
"noun_6351",2
"noun_6352",9
"noun_6355",16
"noun_6356",704
"noun_6357",1
"noun_6358",17
"noun_6359",2
"noun_6360",2
"noun_6361",131
"noun_6362",1
"noun_6363",1
"noun_6365",2
"noun_6369",1
"noun_637",2
"noun_6370",1
"noun_6371",22
"noun_6372",84
"noun_6373",14
"noun_6374",4
"noun_6376",3
"noun_6380",9
"noun_6381",0
"noun_6382",2
"noun_6384",158
"noun_6386",5
"noun_6387",10
"noun_6388",7
"noun_6389",1
"noun_6390",2
"noun_6391",3
"noun_6393",5
"noun_6394",1
"noun_6395",3
"noun_6396",1
"noun_6397",1
"noun_6399",26
"noun_64",141
"noun_640",3
"noun_6400",1
"noun_6401",2
"noun_6402",2
"noun_6403",1
"noun_6405",1
"noun_6406",1
"noun_6407",1
"noun_6408",2
"noun_6409",17
"noun_6411",1
"noun_6413",1
"noun_6414",6
"noun_6415",2
"noun_6416",1
"noun_6417",1
"noun_6418",1
"noun_6419",1
"noun_642",3
"noun_6421",1
"noun_6422",1
"noun_6423",1
"noun_6424",31
"noun_6425",8
"noun_6427",1
"noun_6429",1
"noun_6430",27
"noun_6431",1
"noun_6434",1
"noun_6435",8
"noun_6436",17
"noun_6437",1
"noun_6438",1
"noun_6439",418
"noun_644",1
"noun_6440",1
"noun_6441",5
"noun_6443",4
"noun_6444",1
"noun_6445",4
"noun_6446",4
"noun_6447",2
"noun_645",89
"noun_6450",1
"noun_6451",23
"noun_6452",6
"noun_6454",39
"noun_6455",1
"noun_6456",1
"noun_6457",1
"noun_6458",1
"noun_6459",12
"noun_646",109
"noun_6460",1195
"noun_6461",1
"noun_6462",1
"noun_6463",24
"noun_6465",1
"noun_6466",14
"noun_6468",1
"noun_6469",32
"noun_647",2
"noun_6470",276
"noun_6471",4
"noun_6473",1
"noun_6474",1
"noun_6475",14
"noun_6476",4
"noun_6477",123
"noun_6478",2
"noun_6479",1
"noun_648",1
"noun_6482",279
"noun_6483",1
"noun_6484",1
"noun_6488",5
"noun_6489",1
"noun_649",11
"noun_6490",617
"noun_6491",6
"noun_6494",56
"noun_6495",62
"noun_650",1
"noun_6500",1
"noun_6501",32
"noun_6502",515
"noun_6503",1
"noun_6504",4
"noun_6505",1
"noun_6506",303
"noun_6507",8
"noun_6509",1
"noun_651",1
"noun_6510",2
"noun_6511",19
"noun_6512",1
"noun_6513",2
"noun_6514",1
"noun_6515",2
"noun_6516",10
"noun_6517",22
"noun_6519",4
"noun_652",3
"noun_6520",2
"noun_6522",1
"noun_6523",2
"noun_6524",1
"noun_6529",2
"noun_653",1
"noun_6530",3
"noun_6533",1
"noun_6534",1
"noun_6536",1
"noun_6538",4
"noun_6539",5
"noun_6540",1
"noun_6542",4
"noun_6543",1
"noun_6544",350
"noun_6545",3
"noun_6546",6
"noun_6547",1
"noun_6549",7
"noun_655",1
"noun_6550",1
"noun_6552",4
"noun_6554",9
"noun_6555",1
"noun_6556",1
"noun_6559",7
"noun_656",2
"noun_6560",1
"noun_6561",1
"noun_6562",7
"noun_6563",3
"noun_6565",1
"noun_6567",1
"noun_6568",21
"noun_6569",83
"noun_6570",1
"noun_6571",1
"noun_6572",73
"noun_6573",4
"noun_6574",8
"noun_6575",2
"noun_6576",5
"noun_6578",1
"noun_6579",1
"noun_658",22
"noun_6580",3
"noun_6582",1
"noun_6585",1
"noun_6586",254
"noun_6587",20
"noun_6588",1
"noun_6589",2
"noun_659",1
"noun_6590",75
"noun_6591",13
"noun_6592",3
"noun_6593",1
"noun_6594",637
"noun_6595",114
"noun_6596",2
"noun_6598",1
"noun_6599",1
"noun_66",1
"noun_660",4
"noun_6601",2
"noun_6602",1
"noun_6604",1
"noun_6607",36
"noun_6609",3
"noun_6610",2
"noun_6611",1
"noun_6612",1
"noun_6613",1
"noun_6614",2
"noun_6615",8
"noun_6616",4
"noun_6617",5
"noun_6618",40
"noun_6619",1
"noun_662",3
"noun_6620",330
"noun_6622",1
"noun_6623",1
"noun_6624",1
"noun_6627",1
"noun_6628",3
"noun_663",1
"noun_6630",39
"noun_6632",7
"noun_6633",13
"noun_6634",1
"noun_6635",1
"noun_6637",1
"noun_6638",8
"noun_664",279
"noun_6640",2
"noun_6641",11
"noun_6642",16
"noun_6643",1
"noun_6645",1
"noun_6647",10
"noun_6648",1
"noun_665",75
"noun_6650",2
"noun_6651",2
"noun_6652",42
"noun_6653",1
"noun_6654",1
"noun_6655",1
"noun_6656",1
"noun_6657",3
"noun_6658",19
"noun_6659",1
"noun_666",5
"noun_6660",3
"noun_6661",1
"noun_6662",0
"noun_6664",14
"noun_6666",26
"noun_6668",1
"noun_6669",1
"noun_667",1
"noun_6670",3
"noun_6672",4
"noun_6673",24
"noun_6674",29
"noun_6676",1
"noun_6678",84
"noun_6679",42
"noun_668",1
"noun_6680",1
"noun_6681",2
"noun_6683",1
"noun_6684",5
"noun_6685",8
"noun_6686",3
"noun_6687",2
"noun_6689",1
"noun_669",11
"noun_6690",63
"noun_6691",1
"noun_6692",1
"noun_6696",711
"noun_6699",5
"noun_67",1
"noun_6700",18
"noun_6701",123
"noun_6702",1
"noun_6703",13
"noun_6705",75
"noun_6706",4
"noun_6708",1
"noun_6709",1
"noun_671",29
"noun_6710",41
"noun_6712",9
"noun_6714",2
"noun_6716",24
"noun_6717",337
"noun_6718",86
"noun_6722",1
"noun_6723",2
"noun_6724",6
"noun_6727",1
"noun_6728",2
"noun_6729",1
"noun_673",1
"noun_6730",3
"noun_6732",1
"noun_6733",19
"noun_6734",1
"noun_6735",2
"noun_6737",18
"noun_6738",19
"noun_6743",2
"noun_6744",11
"noun_6745",1
"noun_6746",1
"noun_6747",19
"noun_6748",6
"noun_6749",1
"noun_675",1
"noun_6750",1
"noun_6752",1
"noun_6754",6
"noun_6755",3
"noun_6756",1
"noun_6758",12
"noun_6759",1
"noun_676",2
"noun_6760",2
"noun_6761",2
"noun_6762",1
"noun_6765",3
"noun_6766",1
"noun_6767",89
"noun_6769",6
"noun_6770",1
"noun_6772",2
"noun_6773",1
"noun_6774",24
"noun_6777",1
"noun_6778",1
"noun_6779",13
"noun_678",1
"noun_6780",17
"noun_6782",1
"noun_6785",44
"noun_6786",1
"noun_6789",269
"noun_6790",1
"noun_6791",1
"noun_6794",2
"noun_6795",73
"noun_6796",2
"noun_6797",1
"noun_6798",3
"noun_6799",1
"noun_68",1
"noun_680",136
"noun_6800",2
"noun_6801",3
"noun_6802",2
"noun_6803",23
"noun_6804",14
"noun_6806",1
"noun_6807",1
"noun_6808",37
"noun_6809",1
"noun_6810",1
"noun_6811",12
"noun_6813",1
"noun_6814",52
"noun_6815",2
"noun_6816",5
"noun_6819",26
"noun_682",11
"noun_6820",1
"noun_6821",1
"noun_6822",2
"noun_6823",44
"noun_6824",32
"noun_6825",1
"noun_6826",115
"noun_6827",1
"noun_6828",8
"noun_6829",1
"noun_683",6
"noun_6831",10
"noun_6832",2
"noun_6833",1
"noun_6834",11
"noun_6835",2
"noun_6836",46
"noun_6837",73
"noun_6838",120
"noun_684",1
"noun_6840",13
"noun_6842",1
"noun_6843",31
"noun_6844",1
"noun_6845",2
"noun_6848",1373
"noun_6849",9
"noun_685",1
"noun_6851",2
"noun_6852",649
"noun_6853",1
"noun_6854",1
"noun_6855",12
"noun_6858",21
"noun_6859",1
"noun_686",2
"noun_6860",10
"noun_6861",1
"noun_6862",2
"noun_6865",4
"noun_6867",3
"noun_6868",2820
"noun_6869",2
"noun_687",11
"noun_6870",104
"noun_6871",0
"noun_6872",1
"noun_6873",1
"noun_6875",2
"noun_6876",29
"noun_6877",4
"noun_6879",2
"noun_6880",10
"noun_6881",3
"noun_6883",150
"noun_6886",6
"noun_6887",600
"noun_6888",1
"noun_6889",3
"noun_6890",1
"noun_6891",1
"noun_6892",1
"noun_6893",2
"noun_6895",13
"noun_6896",9
"noun_6897",1
"noun_69",6
"noun_690",1
"noun_6900",46
"noun_6901",1
"noun_6902",1
"noun_6903",19
"noun_6904",12
"noun_6905",1
"noun_6906",514
"noun_6907",2
"noun_6908",1
"noun_6911",1
"noun_6912",83
"noun_6914",2
"noun_6915",1
"noun_6918",1
"noun_6919",8
"noun_6920",2
"noun_6921",1
"noun_6922",1
"noun_6925",4
"noun_6926",1
"noun_6927",1
"noun_6928",1
"noun_6930",60
"noun_6932",23
"noun_6933",87
"noun_6934",1
"noun_6935",2
"noun_6936",1
"noun_6938",20
"noun_6939",2
"noun_694",8
"noun_6940",501
"noun_6941",11
"noun_6942",4
"noun_6943",10
"noun_6944",80
"noun_6945",17
"noun_6947",1
"noun_6948",2
"noun_6949",1
"noun_695",2
"noun_6950",2
"noun_6952",40
"noun_6953",1
"noun_6956",8
"noun_6957",3
"noun_6958",1
"noun_6960",7
"noun_6961",1
"noun_6962",1
"noun_6964",54
"noun_6967",94
"noun_6968",2
"noun_6969",92
"noun_6970",5
"noun_6971",1
"noun_6972",10
"noun_6975",1
"noun_6976",84
"noun_6977",1
"noun_6978",4
"noun_6979",6
"noun_698",1
"noun_6980",2
"noun_6981",4
"noun_6982",85
"noun_6984",1
"noun_6985",3
"noun_6986",325
"noun_6987",1
"noun_6988",1
"noun_6989",21
"noun_699",3
"noun_6990",18
"noun_6991",17
"noun_6992",6
"noun_6993",1
"noun_6994",14
"noun_6995",3
"noun_6998",1
"noun_7",1
"noun_70",1
"noun_700",1
"noun_7000",1
"noun_7001",3
"noun_7002",1
"noun_7004",1
"noun_7005",309
"noun_7006",2
"noun_7007",1
"noun_7008",1
"noun_7009",1
"noun_7010",4
"noun_7011",2350
"noun_7012",1
"noun_7016",7
"noun_7017",1
"noun_7018",2
"noun_7019",1
"noun_702",11
"noun_7021",3
"noun_7022",1
"noun_7025",6
"noun_7026",2
"noun_7028",1
"noun_7029",8
"noun_703",62
"noun_7030",1
"noun_7031",10
"noun_7032",11
"noun_7034",1
"noun_7035",2
"noun_7036",1
"noun_7037",58
"noun_7038",22
"noun_7039",8
"noun_704",1
"noun_7040",59
"noun_7041",1
"noun_7042",3
"noun_7043",11
"noun_7044",1
"noun_7047",1
"noun_7048",73
"noun_7049",1
"noun_705",1
"noun_7051",27
"noun_7052",1
"noun_7053",1
"noun_7054",2
"noun_7056",21
"noun_7057",2
"noun_7058",13
"noun_7059",15
"noun_7060",2
"noun_7061",1
"noun_7062",1
"noun_7063",1
"noun_7064",1
"noun_7065",9
"noun_7069",60
"noun_707",12
"noun_7072",332
"noun_7073",16
"noun_7074",2
"noun_7075",9
"noun_7076",6
"noun_7077",2
"noun_7078",1
"noun_7079",1
"noun_708",12
"noun_7080",1
"noun_7082",1
"noun_7083",2
"noun_7085",1
"noun_7086",1
"noun_7088",12
"noun_7089",2
"noun_709",1
"noun_7090",2
"noun_7091",17
"noun_7092",210
"noun_7093",56
"noun_7096",1
"noun_7097",1
"noun_7098",2
"noun_7099",10
"noun_71",1
"noun_710",3
"noun_7101",10
"noun_7102",176
"noun_7103",1
"noun_7104",4
"noun_7105",212
"noun_7109",8
"noun_711",4
"noun_7111",4
"noun_7112",97
"noun_7113",47
"noun_7114",4
"noun_7115",1
"noun_7116",1
"noun_7118",77
"noun_712",112
"noun_7120",95
"noun_7123",1
"noun_7125",1
"noun_7126",1
"noun_7127",1
"noun_7128",129
"noun_7129",1
"noun_713",9
"noun_7130",2
"noun_7132",1
"noun_7133",3
"noun_7135",313
"noun_7136",1
"noun_7138",4
"noun_714",3
"noun_7140",26
"noun_7141",33
"noun_7142",2
"noun_7146",1
"noun_7148",1
"noun_7149",1
"noun_715",1
"noun_7150",1
"noun_7151",2
"noun_7152",4
"noun_7154",1
"noun_7155",2
"noun_7156",42
"noun_7157",1
"noun_7158",3
"noun_716",3
"noun_7163",3
"noun_7167",1
"noun_7168",2
"noun_7169",3
"noun_717",2
"noun_7170",1
"noun_7171",1
"noun_7172",1
"noun_7173",4
"noun_7174",2
"noun_7175",1
"noun_7176",5
"noun_7177",1
"noun_7178",15
"noun_718",34
"noun_7181",1
"noun_7182",3
"noun_7183",1
"noun_7184",1
"noun_7188",1
"noun_7189",2
"noun_719",1
"noun_7190",47
"noun_7191",1
"noun_7193",1
"noun_7194",1
"noun_7195",1
"noun_7196",15
"noun_7197",195
"noun_72",6
"noun_720",1
"noun_7200",5
"noun_7201",1
"noun_7202",1
"noun_7204",1
"noun_7205",3
"noun_7206",1
"noun_7207",5
"noun_7208",2
"noun_7209",4
"noun_721",8
"noun_7210",1
"noun_7212",177
"noun_7213",1
"noun_7214",3
"noun_7215",8
"noun_7216",2
"noun_7217",4
"noun_7218",1
"noun_7219",1
"noun_722",3
"noun_7222",11
"noun_7223",3
"noun_7224",18
"noun_7225",4
"noun_723",3
"noun_7230",7
"noun_7232",1
"noun_7233",5
"noun_7235",1
"noun_7236",3
"noun_7237",2
"noun_7238",1
"noun_7239",1
"noun_7240",15
"noun_7241",1
"noun_7242",1
"noun_7243",11
"noun_7246",1
"noun_7248",15
"noun_7249",1
"noun_725",11
"noun_7250",4
"noun_7251",5
"noun_7252",1
"noun_7253",1
"noun_7255",1
"noun_7256",5
"noun_7257",1
"noun_7258",3
"noun_7259",24
"noun_726",1
"noun_7261",11
"noun_7262",15
"noun_7263",2
"noun_7264",1
"noun_7265",1
"noun_7267",1
"noun_7269",1
"noun_727",1
"noun_7270",20
"noun_7271",82
"noun_7273",20
"noun_7274",1
"noun_7276",18
"noun_7277",1
"noun_7279",8
"noun_728",1
"noun_7280",7
"noun_7281",219
"noun_7284",5
"noun_7286",723
"noun_7288",199
"noun_7289",1
"noun_7291",1
"noun_7292",504
"noun_7293",13
"noun_7296",1
"noun_7297",1
"noun_7299",122
"noun_73",4
"noun_730",30
"noun_7300",46
"noun_7301",1
"noun_7302",6
"noun_7304",3
"noun_7305",2
"noun_7306",1
"noun_7307",2
"noun_7309",2
"noun_7310",1
"noun_7311",4
"noun_7314",8
"noun_7315",22
"noun_7316",1
"noun_7317",1
"noun_7318",17
"noun_7319",1
"noun_732",12
"noun_7320",26
"noun_7321",40
"noun_7322",5
"noun_7323",3
"noun_7324",4
"noun_7325",4
"noun_7327",1
"noun_7328",3
"noun_7329",2
"noun_733",11
"noun_7330",2
"noun_7331",1
"noun_7333",1
"noun_7335",2
"noun_7336",1
"noun_7337",1
"noun_7338",3
"noun_7339",18
"noun_734",7
"noun_7340",4
"noun_7341",2
"noun_7342",13
"noun_7343",37
"noun_7345",1
"noun_7346",8
"noun_7347",4
"noun_7349",1
"noun_7350",6
"noun_7352",11
"noun_7356",58
"noun_7357",1
"noun_736",14
"noun_7360",45
"noun_7361",94
"noun_7363",2
"noun_7364",1
"noun_7367",154
"noun_7369",1
"noun_737",1
"noun_7370",15
"noun_7371",8
"noun_7372",4
"noun_7373",1
"noun_7375",1
"noun_7377",1
"noun_7378",2
"noun_7379",2
"noun_738",99
"noun_7380",48
"noun_7384",31
"noun_7385",128
"noun_7387",21
"noun_7389",3
"noun_739",7
"noun_7390",1
"noun_7391",16
"noun_7392",1
"noun_7393",1
"noun_7394",335
"noun_7395",10
"noun_7396",1
"noun_7397",43
"noun_7398",1
"noun_7399",3
"noun_74",2
"noun_740",1
"noun_7400",9
"noun_7401",40
"noun_7403",9
"noun_7404",2
"noun_7406",13
"noun_7407",7
"noun_7408",1
"noun_7409",8
"noun_741",1
"noun_7410",4
"noun_7411",1
"noun_7412",1
"noun_7413",15
"noun_7414",1
"noun_7416",277
"noun_7417",3
"noun_7418",22
"noun_742",2
"noun_7420",1
"noun_7422",1
"noun_7424",1
"noun_7425",1
"noun_7427",11
"noun_7428",3
"noun_743",2
"noun_7430",1
"noun_7432",8
"noun_7433",1
"noun_7435",1
"noun_7436",1
"noun_7437",12
"noun_744",1
"noun_7440",1
"noun_7441",2
"noun_7442",9
"noun_7444",3
"noun_7445",13
"noun_7446",3
"noun_7447",1
"noun_7449",8
"noun_745",35
"noun_7450",7
"noun_7451",4
"noun_7453",1
"noun_7454",8
"noun_7455",3
"noun_7456",8
"noun_7458",1
"noun_7459",23
"noun_746",30
"noun_7461",2
"noun_7462",2
"noun_7463",199
"noun_7464",77
"noun_7466",3
"noun_7467",7
"noun_7468",2
"noun_7469",1
"noun_747",1
"noun_7470",3
"noun_7471",1
"noun_7472",4
"noun_7473",4
"noun_7474",9
"noun_7476",3
"noun_7477",8
"noun_7478",45
"noun_7479",1
"noun_748",6
"noun_7480",1
"noun_7481",16
"noun_7483",1
"noun_7484",16
"noun_7485",5
"noun_7486",1
"noun_7487",1
"noun_7488",6
"noun_7489",3
"noun_749",13
"noun_7491",1
"noun_7495",1
"noun_7497",5
"noun_7498",5
"noun_75",1
"noun_750",7
"noun_7500",1
"noun_7501",2
"noun_7503",6
"noun_7504",1
"noun_7507",1
"noun_7509",1
"noun_751",19
"noun_7510",1
"noun_7511",1
"noun_7512",6
"noun_7513",3
"noun_7514",1
"noun_7515",13
"noun_7517",255
"noun_7518",2
"noun_7519",1
"noun_7520",1
"noun_7522",1
"noun_7523",3
"noun_7524",3
"noun_7526",26
"noun_7527",18
"noun_7528",55
"noun_753",10
"noun_7530",4
"noun_7533",4
"noun_7534",1
"noun_7536",2
"noun_7537",1
"noun_7538",1
"noun_7539",1
"noun_754",2
"noun_7540",9
"noun_7542",3
"noun_7543",6
"noun_7544",7
"noun_7546",1
"noun_7547",2
"noun_7548",25
"noun_7549",4
"noun_7550",2
"noun_7551",1
"noun_7552",12
"noun_7553",1
"noun_7554",3
"noun_7556",1
"noun_7558",4
"noun_756",3
"noun_7560",1
"noun_7562",2
"noun_7563",1
"noun_7564",30
"noun_7565",1
"noun_7567",5
"noun_7568",37
"noun_7569",1
"noun_757",1
"noun_7571",1
"noun_7572",37
"noun_7573",5
"noun_7575",5
"noun_7576",98
"noun_7577",1
"noun_7578",3
"noun_758",13
"noun_7580",205
"noun_7581",2
"noun_7582",4
"noun_7583",13
"noun_7584",2
"noun_7585",1
"noun_7586",2
"noun_7587",1
"noun_7588",5
"noun_7589",1592
"noun_759",9
"noun_7590",2
"noun_7592",3
"noun_7593",1
"noun_7595",4
"noun_7596",3
"noun_7599",28
"noun_76",1
"noun_760",1
"noun_7600",2
"noun_7601",1
"noun_7602",2
"noun_7603",1
"noun_7605",1
"noun_7606",6
"noun_7607",2
"noun_7609",1
"noun_761",2
"noun_7610",2
"noun_7611",2
"noun_7612",10
"noun_7613",1
"noun_7614",106
"noun_7615",4
"noun_7616",3
"noun_7617",2
"noun_7618",1
"noun_7619",111
"noun_7620",3
"noun_7621",1
"noun_7622",1
"noun_7623",2
"noun_7624",2
"noun_7627",1
"noun_7629",3
"noun_763",1
"noun_7631",1
"noun_7632",1
"noun_7634",2
"noun_7635",8
"noun_7636",1
"noun_7637",2
"noun_7638",108
"noun_7639",8
"noun_764",4
"noun_7640",33
"noun_7641",3
"noun_7643",1
"noun_7644",3
"noun_7645",10
"noun_7646",1
"noun_7648",6
"noun_765",40
"noun_7653",2
"noun_7655",1
"noun_7656",14
"noun_7657",12
"noun_7658",2
"noun_7659",2
"noun_7662",4
"noun_7663",1
"noun_7664",1
"noun_7665",1
"noun_7668",10
"noun_7669",1
"noun_7670",4
"noun_7671",4
"noun_7672",1
"noun_7673",6
"noun_7674",16
"noun_7675",1
"noun_7679",1
"noun_768",222
"noun_7680",3
"noun_7681",6
"noun_7682",3
"noun_7684",3
"noun_7685",246
"noun_7686",56
"noun_7687",8
"noun_7688",13
"noun_7689",1
"noun_769",3
"noun_7691",1
"noun_7693",143
"noun_7694",129
"noun_7695",1
"noun_7696",1
"noun_7698",1
"noun_7699",1
"noun_77",1
"noun_770",10
"noun_7700",6
"noun_7705",11
"noun_7706",1
"noun_7707",3
"noun_7708",269
"noun_7716",1
"noun_7717",13
"noun_7718",5
"noun_7721",2
"noun_7725",1
"noun_7726",6
"noun_7727",10
"noun_7728",5
"noun_773",2
"noun_7733",1
"noun_7734",1
"noun_7735",1
"noun_7736",4
"noun_7737",1
"noun_7738",1
"noun_774",28
"noun_7740",8
"noun_7741",13
"noun_7742",1
"noun_7743",4
"noun_7744",7
"noun_7745",1
"noun_7746",7
"noun_7747",15
"noun_7748",261
"noun_7749",134
"noun_775",1
"noun_7751",2909
"noun_7752",2
"noun_7753",1
"noun_7754",1
"noun_7755",1
"noun_7756",23
"noun_7758",4
"noun_7759",1
"noun_776",1
"noun_7760",2
"noun_7761",4
"noun_7762",47
"noun_7763",72
"noun_7764",2
"noun_7766",12
"noun_7767",3
"noun_7768",674
"noun_7770",8
"noun_7771",1
"noun_7772",2
"noun_7773",1
"noun_7775",3
"noun_7776",1
"noun_7777",165
"noun_7778",3
"noun_7779",4
"noun_7780",1
"noun_7782",2
"noun_7783",6
"noun_7787",2
"noun_7788",19
"noun_7789",1
"noun_779",1
"noun_7791",1
"noun_7793",2
"noun_7797",2
"noun_7798",19
"noun_7799",1
"noun_780",3
"noun_7803",3
"noun_7804",5
"noun_7805",8
"noun_7806",1
"noun_7807",22
"noun_7808",1
"noun_7810",66
"noun_7812",1
"noun_7813",21
"noun_7814",2
"noun_7815",1
"noun_7816",10
"noun_7819",14
"noun_782",1
"noun_7820",4
"noun_7821",25
"noun_7823",2
"noun_7824",1
"noun_7825",4
"noun_7826",23
"noun_7827",83
"noun_7828",1
"noun_7829",18
"noun_783",1
"noun_7831",66
"noun_7832",1
"noun_7833",1
"noun_7835",7
"noun_7836",1
"noun_7837",3
"noun_7838",8
"noun_7839",1
"noun_7840",232
"noun_7842",16
"noun_7844",2
"noun_7845",5
"noun_7846",3
"noun_7848",8
"noun_7849",1
"noun_785",3
"noun_7851",1
"noun_7854",2
"noun_7855",16
"noun_7856",4
"noun_7857",4
"noun_7858",33
"noun_786",1
"noun_7861",1
"noun_7862",3
"noun_7863",3
"noun_7865",5
"noun_7866",1
"noun_7868",1
"noun_7869",84
"noun_787",83
"noun_7870",1
"noun_7871",7
"noun_7872",9
"noun_7873",3
"noun_7875",3
"noun_7877",1
"noun_7878",12
"noun_7879",1
"noun_788",7
"noun_7880",1
"noun_7881",10
"noun_7882",1
"noun_7884",3
"noun_7885",7
"noun_7886",2
"noun_7889",1
"noun_789",5
"noun_7890",5
"noun_7891",2
"noun_7892",1
"noun_7893",1
"noun_7895",2
"noun_7896",4
"noun_7898",11
"noun_7899",248
"noun_79",6
"noun_790",5
"noun_7900",1
"noun_7901",3
"noun_7902",1
"noun_7903",6
"noun_7909",1
"noun_791",2
"noun_7911",8
"noun_7912",1
"noun_7913",2
"noun_7914",2
"noun_7915",381
"noun_7917",1
"noun_7918",1
"noun_7919",1
"noun_792",88
"noun_7920",3
"noun_7922",4
"noun_7923",37
"noun_7924",1
"noun_7926",34
"noun_7927",1
"noun_7928",3
"noun_7929",2
"noun_793",2
"noun_7930",4
"noun_7932",1
"noun_7933",2
"noun_7934",4
"noun_7935",1
"noun_7936",115
"noun_7938",3
"noun_7939",1
"noun_794",1
"noun_7941",1
"noun_7943",2
"noun_7944",4
"noun_7946",1
"noun_7947",201
"noun_795",1
"noun_7951",13
"noun_7953",243
"noun_7954",1
"noun_7956",5
"noun_7957",1
"noun_7959",1
"noun_796",37
"noun_7960",1
"noun_7961",2
"noun_7962",2
"noun_7963",80
"noun_7965",79
"noun_7967",1
"noun_7968",14
"noun_7969",1
"noun_797",1
"noun_7970",3
"noun_7973",1
"noun_7974",1
"noun_7975",1
"noun_7976",4
"noun_7977",1
"noun_7978",1
"noun_798",37
"noun_7980",36
"noun_7981",349
"noun_7982",1
"noun_7983",300
"noun_7984",1
"noun_7986",1
"noun_7987",2
"noun_7989",3
"noun_7990",5
"noun_7992",52
"noun_7993",1
"noun_7994",4
"noun_7995",1
"noun_7996",11
"noun_7997",1
"noun_7998",2
"noun_7999",18
"noun_8",1
"noun_80",1
"noun_800",3
"noun_8000",5
"noun_8001",7
"noun_8002",3
"noun_8003",9
"noun_8004",1
"noun_8009",2
"noun_801",2
"noun_8010",3
"noun_8011",1
"noun_8012",1
"noun_8014",15
"noun_8015",1
"noun_8016",11
"noun_8017",2
"noun_8018",1
"noun_8019",2
"noun_802",3
"noun_8021",9
"noun_8023",1
"noun_8024",2
"noun_8025",1
"noun_8027",9
"noun_8028",18
"noun_803",1
"noun_8031",1
"noun_8032",1
"noun_8033",2
"noun_8036",12
"noun_804",1
"noun_8040",10
"noun_8041",2
"noun_8042",19
"noun_8043",25
"noun_8044",1
"noun_8045",5
"noun_8046",1
"noun_8047",1
"noun_8048",4
"noun_8049",3
"noun_805",1
"noun_8050",35
"noun_8051",2
"noun_8053",1
"noun_8054",37
"noun_8055",1
"noun_8056",5
"noun_8057",20
"noun_8059",1
"noun_806",1
"noun_8060",350
"noun_8062",15
"noun_8065",1
"noun_8067",1
"noun_8068",1
"noun_8069",1
"noun_807",1
"noun_8071",3
"noun_8072",13
"noun_8073",4
"noun_8074",9
"noun_8075",1
"noun_8076",6
"noun_8078",2
"noun_8079",2
"noun_808",1
"noun_8080",1
"noun_8081",2
"noun_8082",1
"noun_8083",1
"noun_8085",10
"noun_809",2
"noun_8090",1
"noun_8091",1
"noun_8092",1
"noun_8094",2
"noun_8095",2
"noun_8097",1
"noun_8098",21
"noun_8099",4
"noun_810",1
"noun_8100",2
"noun_8101",2
"noun_8102",3
"noun_8103",1
"noun_8104",12
"noun_8105",1
"noun_8106",4
"noun_8107",1
"noun_8108",4
"noun_8109",1
"noun_8110",10
"noun_8111",4
"noun_8113",12
"noun_8114",1
"noun_8115",2
"noun_8116",6
"noun_8117",29
"noun_8119",2
"noun_812",1
"noun_8120",43
"noun_8124",4
"noun_8125",1
"noun_8126",4
"noun_8127",48
"noun_813",1
"noun_8130",2
"noun_8131",2
"noun_8132",6
"noun_8133",4
"noun_8136",2
"noun_8137",1
"noun_8138",1
"noun_8139",1
"noun_8141",4
"noun_8142",18
"noun_8144",3
"noun_8145",8
"noun_8148",6
"noun_8149",2
"noun_815",1
"noun_8152",100
"noun_8155",6
"noun_8157",3
"noun_8159",145
"noun_816",2
"noun_8161",1
"noun_8162",54
"noun_8163",1
"noun_8164",6
"noun_8165",1
"noun_8166",1
"noun_8167",1
"noun_8169",1
"noun_8170",3
"noun_8171",2
"noun_8174",2
"noun_8175",21
"noun_8176",18
"noun_8177",17
"noun_8178",1
"noun_8180",1
"noun_8181",154
"noun_8182",3
"noun_8183",1
"noun_8184",1
"noun_8185",2
"noun_8186",3
"noun_8187",74
"noun_8188",1
"noun_819",7
"noun_8193",1
"noun_8194",2
"noun_8195",1
"noun_8196",1
"noun_8199",1
"noun_82",1
"noun_820",1
"noun_8200",16
"noun_8201",5
"noun_8204",1
"noun_8205",1
"noun_8207",1
"noun_8208",2
"noun_8209",3
"noun_821",18
"noun_8210",5
"noun_8211",1
"noun_8212",1
"noun_8213",1
"noun_8215",2
"noun_8217",813
"noun_8218",66
"noun_8219",4
"noun_8220",2
"noun_8221",1
"noun_8223",2
"noun_8224",4
"noun_8225",1
"noun_8226",10
"noun_8228",1
"noun_8229",24
"noun_823",1
"noun_8230",57
"noun_8232",5
"noun_8233",6
"noun_8234",2
"noun_8235",1
"noun_8236",1
"noun_8237",53
"noun_8238",1
"noun_8239",1
"noun_824",16
"noun_8244",1
"noun_8245",54
"noun_8247",1
"noun_8248",3
"noun_8249",9
"noun_825",1
"noun_8250",14
"noun_8251",10
"noun_8252",4
"noun_8253",167
"noun_8257",81
"noun_8258",2
"noun_8259",7
"noun_826",1
"noun_8261",9
"noun_8263",25
"noun_8265",19
"noun_8266",50
"noun_8267",3
"noun_8268",60
"noun_8269",3
"noun_827",1
"noun_8273",1
"noun_8274",1
"noun_8275",1
"noun_8276",2
"noun_8277",2
"noun_8279",2
"noun_8280",1
"noun_8281",1
"noun_8282",1
"noun_8283",33
"noun_8285",4
"noun_8287",2
"noun_8289",1
"noun_829",2
"noun_8295",21
"noun_8296",4
"noun_8297",1
"noun_8299",1
"noun_83",2
"noun_830",0
"noun_8300",8
"noun_8302",1
"noun_8303",11
"noun_8304",1
"noun_8307",3
"noun_8308",1
"noun_8309",188
"noun_8312",1
"noun_8313",1
"noun_8314",28
"noun_8315",5
"noun_8317",13
"noun_8318",1
"noun_8320",1
"noun_8321",3
"noun_8322",5
"noun_8323",161
"noun_8324",6
"noun_8328",4
"noun_8329",1
"noun_8330",1
"noun_8331",1
"noun_8332",9
"noun_8333",1
"noun_8334",3
"noun_8335",1
"noun_8336",1
"noun_8338",1
"noun_8340",11
"noun_8342",3
"noun_8344",1
"noun_8345",2
"noun_8348",1
"noun_8349",3
"noun_8350",319
"noun_8351",104
"noun_8352",1
"noun_8353",1
"noun_8354",1
"noun_8356",1
"noun_8357",25
"noun_8358",1
"noun_8359",1
"noun_836",1
"noun_8360",1
"noun_8361",1
"noun_8362",4
"noun_8363",1
"noun_8364",1
"noun_8365",42
"noun_8366",443
"noun_8367",1
"noun_8369",3
"noun_8371",1
"noun_8372",1
"noun_8373",21
"noun_8374",1
"noun_8375",16
"noun_8377",2
"noun_8378",54
"noun_8380",1
"noun_8381",4
"noun_8382",12
"noun_8383",7
"noun_8384",29
"noun_8385",1
"noun_8386",190
"noun_8388",1
"noun_839",25
"noun_8390",1
"noun_8391",27
"noun_8395",2
"noun_8396",29
"noun_8397",1
"noun_8398",6
"noun_84",1
"noun_840",7
"noun_8400",5
"noun_8401",18
"noun_8402",1
"noun_8403",1
"noun_8404",1
"noun_8405",1
"noun_8406",13
"noun_8407",2
"noun_8408",1
"noun_8409",2
"noun_841",9
"noun_8410",5
"noun_8412",1
"noun_8414",16
"noun_8416",2
"noun_8418",9
"noun_8419",1
"noun_842",185
"noun_8420",1
"noun_8421",1
"noun_8422",33
"noun_8423",20
"noun_8424",8
"noun_8426",13
"noun_8427",219
"noun_8428",1
"noun_8429",1
"noun_8430",2
"noun_8431",2
"noun_8432",2
"noun_8433",1
"noun_8434",1
"noun_8435",1
"noun_8437",2
"noun_8438",13
"noun_8439",1
"noun_8440",10
"noun_8441",25
"noun_8442",2
"noun_8443",1
"noun_8445",9
"noun_8447",10
"noun_8448",6
"noun_8449",9
"noun_845",6
"noun_8451",27
"noun_8452",1
"noun_8453",1
"noun_8455",8
"noun_8456",20
"noun_8457",19
"noun_8458",16
"noun_8459",6
"noun_846",50
"noun_8460",1
"noun_8461",1
"noun_8462",2
"noun_8463",20
"noun_8464",1
"noun_8465",1
"noun_8466",23
"noun_8467",8
"noun_8468",4
"noun_847",1
"noun_8471",1
"noun_8472",6
"noun_8473",91
"noun_8475",988
"noun_8476",1
"noun_8477",16
"noun_8478",2
"noun_848",5
"noun_8480",3
"noun_8481",1
"noun_8482",1
"noun_8483",2
"noun_8485",1
"noun_8486",115
"noun_8487",2
"noun_8488",1
"noun_849",1
"noun_8490",5
"noun_8491",12
"noun_8492",14
"noun_8493",7
"noun_8494",1
"noun_8495",3
"noun_8496",1
"noun_8497",1
"noun_8498",3
"noun_8499",574
"noun_85",7
"noun_850",5
"noun_8500",1
"noun_8503",13
"noun_8504",14
"noun_8505",1
"noun_8506",4
"noun_8507",15
"noun_8509",3
"noun_8510",1
"noun_8511",49
"noun_8512",3
"noun_8514",1
"noun_8515",12
"noun_8516",1
"noun_8517",1
"noun_852",6
"noun_853",20
"noun_855",2
"noun_857",1
"noun_858",8
"noun_859",2
"noun_86",2
"noun_860",9
"noun_861",1
"noun_866",71
"noun_867",64
"noun_868",1
"noun_87",1
"noun_870",1
"noun_871",3
"noun_872",11
"noun_874",2
"noun_875",2
"noun_876",4
"noun_877",87
"noun_878",1
"noun_879",1
"noun_88",16
"noun_882",58
"noun_884",1
"noun_885",14
"noun_886",1
"noun_887",36
"noun_889",1
"noun_891",77
"noun_892",1
"noun_893",1
"noun_895",2
"noun_896",4
"noun_897",70
"noun_899",1
"noun_9",2
"noun_90",4
"noun_900",7
"noun_901",8
"noun_902",1
"noun_903",1
"noun_905",4
"noun_906",3
"noun_907",13
"noun_908",73
"noun_909",2
"noun_91",68
"noun_910",4
"noun_911",1
"noun_912",1
"noun_913",26
"noun_916",146
"noun_917",2
"noun_919",3
"noun_92",3
"noun_920",2
"noun_921",48
"noun_923",5
"noun_924",13
"noun_925",3
"noun_926",1
"noun_928",11
"noun_931",1
"noun_932",2
"noun_934",8
"noun_936",2
"noun_937",1
"noun_939",9
"noun_94",8
"noun_940",1
"noun_941",2
"noun_942",7
"noun_945",190
"noun_946",3
"noun_947",6
"noun_948",10
"noun_949",10
"noun_95",102
"noun_951",1
"noun_953",4
"noun_954",1
"noun_955",8
"noun_956",1
"noun_957",4
"noun_958",1
"noun_960",1
"noun_962",4
"noun_963",1
"noun_964",42
"noun_965",1
"noun_966",1
"noun_967",4
"noun_968",1
"noun_97",1
"noun_970",1
"noun_972",2
"noun_973",2
"noun_974",1
"noun_976",62
"noun_977",478
"noun_979",1
"noun_98",1
"noun_980",77
"noun_981",1
"noun_985",1
"noun_988",1
"noun_99",1
"noun_990",27
"noun_992",4
"noun_993",1
"noun_997",2
"noun_999",1
